Series,ADF_stat,ADF_p,KPSS_stat,KPSS_p
SPY Returns,-20.215843,0.000000,0.426277,0.065829
OIL Returns,-14.446704,0.000000,0.045615,0.100000
SPY Prices,3.598332,1.000000,10.095887,0.010000
OIL Prices,-2.894830,0.045953,2.099723,0.010000
