Date,y,SP500,Gold
2019-04-01,4158.18310546875,2867.19,1288.4000244140625
2019-04-02,4879.8779296875,2867.24,1290.0
2019-04-03,4973.02197265625,2873.4,1289.9000244140625
2019-04-04,4922.798828125,2879.39,1289.0
2019-04-05,5036.68115234375,2892.74,1290.4000244140625
2019-04-06,5059.8173828125,2892.74,1290.4000244140625
2019-04-07,5198.89697265625,2892.74,1290.4000244140625
2019-04-08,5289.77099609375,2895.77,1297.0999755859375
2019-04-09,5204.95849609375,2878.2,1303.5
2019-04-10,5324.5517578125,2888.21,1309.0999755859375
2019-04-11,5064.48779296875,2888.32,1288.5999755859375
2019-04-12,5089.5390625,2907.41,1290.5999755859375
2019-04-13,5096.58642578125,2907.41,1290.5999755859375
2019-04-14,5167.72216796875,2907.41,1290.5999755859375
2019-04-15,5067.1083984375,2905.58,1286.800048828125
2019-04-16,5235.5595703125,2907.06,1272.5999755859375
2019-04-17,5251.93798828125,2900.45,1272.199951171875
2019-04-18,5298.3857421875,2905.03,1271.9000244140625
2019-04-19,5303.8125,2905.03,1271.9000244140625
2019-04-20,5337.88623046875,2905.03,1271.9000244140625
2019-04-21,5314.53125,2905.03,1271.9000244140625
2019-04-22,5399.365234375,2907.97,1273.5
2019-04-23,5572.3623046875,2933.68,1269.300048828125
2019-04-24,5464.86669921875,2927.25,1275.5
2019-04-25,5210.515625,2926.17,1275.800048828125
2019-04-26,5279.34814453125,2939.88,1284.9000244140625
2019-04-27,5268.291015625,2939.88,1284.9000244140625
2019-04-28,5285.13916015625,2939.88,1284.9000244140625
2019-04-29,5247.3525390625,2943.03,1278.5999755859375
2019-04-30,5350.7265625,2945.83,1282.800048828125
2019-05-01,5402.697265625,2923.73,1281.4000244140625
2019-05-02,5505.28369140625,2917.52,1269.699951171875
2019-05-03,5768.28955078125,2945.64,1279.199951171875
2019-05-04,5831.16748046875,2945.64,1279.199951171875
2019-05-05,5795.70849609375,2945.64,1279.199951171875
2019-05-06,5746.80712890625,2932.47,1281.699951171875
2019-05-07,5829.50146484375,2884.05,1283.5
2019-05-08,5982.45751953125,2879.42,1279.4000244140625
2019-05-09,6174.52880859375,2870.72,1283.5
2019-05-10,6378.84912109375,2881.4,1285.699951171875
2019-05-11,7204.771484375,2881.4,1285.699951171875
2019-05-12,6972.37158203125,2881.4,1285.699951171875
2019-05-13,7814.9150390625,2811.87,1300.0999755859375
2019-05-14,7994.416015625,2834.41,1294.699951171875
2019-05-15,8205.16796875,2850.96,1296.300048828125
2019-05-16,7884.9091796875,2876.32,1285.0
2019-05-17,7343.8955078125,2859.53,1274.5
2019-05-18,7271.2080078125,2859.53,1274.5
2019-05-19,8197.689453125,2859.53,1274.5
2019-05-20,7978.30908203125,2840.23,1276.0999755859375
2019-05-21,7963.32763671875,2864.36,1272.0
2019-05-22,7680.06640625,2856.27,1273.5999755859375
2019-05-23,7881.8466796875,2822.24,1284.800048828125
2019-05-24,7987.37158203125,2826.06,1283.0
2019-05-25,8052.5439453125,2826.06,1283.0
2019-05-26,8673.2158203125,2826.06,1283.0
2019-05-27,8805.7783203125,2826.06,1283.0
2019-05-28,8719.9619140625,2802.39,1276.5
2019-05-29,8659.4873046875,2783.02,1280.5999755859375
2019-05-30,8319.47265625,2788.86,1287.0999755859375
2019-05-31,8574.501953125,2752.06,1305.800048828125
2019-06-01,8564.0166015625,2752.06,1305.800048828125
2019-06-02,8742.9580078125,2752.06,1305.800048828125
2019-06-03,8208.9951171875,2744.45,1322.699951171875
2019-06-04,7707.77099609375,2803.27,1323.4000244140625
2019-06-05,7824.2314453125,2826.15,1328.300048828125
2019-06-06,7822.0234375,2843.49,1337.5999755859375
2019-06-07,8043.951171875,2873.34,1341.199951171875
2019-06-08,7954.1279296875,2873.34,1341.199951171875
2019-06-09,7688.0771484375,2873.34,1341.199951171875
2019-06-10,8000.32958984375,2886.73,1324.699951171875
2019-06-11,7927.71435546875,2885.72,1326.4000244140625
2019-06-12,8145.857421875,2879.84,1331.9000244140625
2019-06-13,8230.923828125,2891.64,1339.199951171875
2019-06-14,8693.8330078125,2886.98,1340.0999755859375
2019-06-15,8838.375,2886.98,1340.0999755859375
2019-06-16,8994.48828125,2886.98,1340.0999755859375
2019-06-17,9320.3525390625,2889.67,1338.699951171875
2019-06-18,9081.7626953125,2917.75,1346.5999755859375
2019-06-19,9273.521484375,2926.46,1344.5999755859375
2019-06-20,9527.16015625,2954.18,1392.9000244140625
2019-06-21,10144.556640625,2950.46,1396.199951171875
2019-06-22,10701.69140625,2950.46,1396.199951171875
2019-06-23,10855.37109375,2950.46,1396.199951171875
2019-06-24,11011.1025390625,2945.35,1414.300048828125
2019-06-25,11790.9169921875,2917.38,1414.9000244140625
2019-06-26,13016.2314453125,2913.78,1411.5999755859375
2019-06-27,11182.806640625,2924.92,1408.4000244140625
2019-06-28,12407.33203125,2941.76,1409.699951171875
2019-06-29,11959.37109375,2941.76,1409.699951171875
2019-06-30,10817.1552734375,2941.76,1409.699951171875
2019-07-01,10583.134765625,2964.33,1385.5999755859375
2019-07-02,10801.677734375,2973.01,1404.5999755859375
2019-07-03,11961.26953125,2995.82,1417.699951171875
2019-07-04,11215.4375,2995.82,1417.699951171875
2019-07-05,10978.4599609375,2990.41,1396.699951171875
2019-07-06,11208.55078125,2990.41,1396.699951171875
2019-07-07,11450.8466796875,2990.41,1396.699951171875
2019-07-08,12285.9580078125,2975.95,1397.0
2019-07-09,12573.8125,2979.63,1397.5
2019-07-10,12156.5126953125,2993.07,1410.0999755859375
2019-07-11,11358.662109375,2999.91,1404.300048828125
2019-07-12,11815.986328125,3013.77,1409.9000244140625
2019-07-13,11392.37890625,3013.77,1409.9000244140625
2019-07-14,10256.05859375,3013.77,1409.9000244140625
2019-07-15,10895.08984375,3014.3,1411.4000244140625
2019-07-16,9477.6416015625,3004.04,1409.199951171875
2019-07-17,9693.802734375,2984.42,1421.300048828125
2019-07-18,10666.482421875,2995.11,1426.0999755859375
2019-07-19,10530.732421875,2976.61,1425.0999755859375
2019-07-20,10767.1396484375,2976.61,1425.0999755859375
2019-07-21,10599.10546875,2976.61,1425.0999755859375
2019-07-22,10343.1064453125,2985.03,1425.300048828125
2019-07-23,9900.767578125,3005.47,1420.0999755859375
2019-07-24,9811.92578125,3019.56,1422.800048828125
2019-07-25,9911.841796875,3003.67,1413.9000244140625
2019-07-26,9870.3037109375,3025.86,1418.5
2019-07-27,9477.677734375,3025.86,1418.5
2019-07-28,9552.8603515625,3025.86,1418.5
2019-07-29,9519.1455078125,3020.97,1419.5999755859375
2019-07-30,9607.423828125,3013.18,1429.699951171875
2019-07-31,10085.6279296875,2980.38,1426.0999755859375
2019-08-01,10399.6689453125,2953.56,1420.9000244140625
2019-08-02,10518.1748046875,2932.05,1445.5999755859375
2019-08-03,10821.7265625,2932.05,1445.5999755859375
2019-08-04,10970.1845703125,2932.05,1445.5999755859375
2019-08-05,11805.6533203125,2844.74,1464.5999755859375
2019-08-06,11478.1689453125,2881.77,1472.4000244140625
2019-08-07,11941.96875,2883.98,1507.300048828125
2019-08-08,11966.4072265625,2938.09,1497.699951171875
2019-08-09,11862.9365234375,2918.65,1496.5999755859375
2019-08-10,11354.0244140625,2918.65,1496.5999755859375
2019-08-11,11523.5791015625,2918.65,1496.5999755859375
2019-08-12,11382.6162109375,2883.09,1505.300048828125
2019-08-13,10895.830078125,2926.32,1502.199951171875
2019-08-14,10051.7041015625,2840.6,1515.9000244140625
2019-08-15,10311.5458984375,2847.6,1519.5999755859375
2019-08-16,10374.3388671875,2888.68,1512.5
2019-08-17,10231.744140625,2888.68,1512.5
2019-08-18,10345.810546875,2888.68,1512.5
2019-08-19,10916.0537109375,2923.65,1500.4000244140625
2019-08-20,10763.232421875,2900.51,1504.5999755859375
2019-08-21,10138.0498046875,2924.43,1504.5999755859375
2019-08-22,10131.0556640625,2922.95,1497.300048828125
2019-08-23,10407.96484375,2847.11,1526.5999755859375
2019-08-24,10159.9609375,2847.11,1526.5999755859375
2019-08-25,10138.517578125,2847.11,1526.5999755859375
2019-08-26,10370.8203125,2878.38,1526.300048828125
2019-08-27,10185.5,2869.16,1541.0
2019-08-28,9754.4228515625,2887.94,1537.800048828125
2019-08-29,9510.2001953125,2924.58,1526.5
2019-08-30,9598.173828125,2926.46,1519.0999755859375
2019-08-31,9630.6640625,2926.46,1519.0999755859375
2019-09-01,9757.970703125,2926.46,1519.0999755859375
2019-09-02,10346.7607421875,2926.46,1519.0999755859375
2019-09-03,10623.5400390625,2906.27,1545.9000244140625
2019-09-04,10594.4931640625,2937.78,1550.300048828125
2019-09-05,10575.533203125,2976.0,1515.4000244140625
2019-09-06,10353.302734375,2978.71,1506.199951171875
2019-09-07,10517.2548828125,2978.71,1506.199951171875
2019-09-08,10441.2763671875,2978.71,1506.199951171875
2019-09-09,10334.974609375,2978.43,1502.199951171875
2019-09-10,10115.9755859375,2979.39,1490.300048828125
2019-09-11,10178.3720703125,3000.93,1494.4000244140625
2019-09-12,10410.126953125,3009.57,1498.699951171875
2019-09-13,10360.546875,3007.39,1490.9000244140625
2019-09-14,10358.048828125,3007.39,1490.9000244140625
2019-09-15,10347.712890625,3007.39,1490.9000244140625
2019-09-16,10276.7939453125,2997.96,1503.0999755859375
2019-09-17,10241.2724609375,3005.7,1505.0999755859375
2019-09-18,10198.248046875,3006.73,1507.5
2019-09-19,10266.4150390625,3006.79,1498.4000244140625
2019-09-20,10181.6416015625,2992.07,1507.300048828125
2019-09-21,10019.716796875,2992.07,1507.300048828125
2019-09-22,10070.392578125,2992.07,1507.300048828125
2019-09-23,9729.32421875,2991.78,1523.699951171875
2019-09-24,8620.56640625,2966.6,1532.0999755859375
2019-09-25,8486.9931640625,2984.87,1504.5999755859375
2019-09-26,8118.9677734375,2977.62,1507.5
2019-09-27,8251.845703125,2961.79,1499.0999755859375
2019-09-28,8245.9150390625,2961.79,1499.0999755859375
2019-09-29,8104.185546875,2961.79,1499.0999755859375
2019-09-30,8293.8681640625,2976.74,1465.699951171875
2019-10-01,8343.2763671875,2940.25,1482.0
2019-10-02,8393.0419921875,2887.61,1501.0
2019-10-03,8259.9921875,2910.63,1507.0999755859375
2019-10-04,8205.939453125,2952.01,1506.199951171875
2019-10-05,8151.50048828125,2952.01,1506.199951171875
2019-10-06,7988.15576171875,2952.01,1506.199951171875
2019-10-07,8245.623046875,2938.79,1497.699951171875
2019-10-08,8228.783203125,2893.06,1497.199951171875
2019-10-09,8595.740234375,2919.4,1506.0999755859375
2019-10-10,8586.4736328125,2938.13,1494.800048828125
2019-10-11,8321.7568359375,2970.27,1482.699951171875
2019-10-12,8336.5556640625,2970.27,1482.699951171875
2019-10-13,8321.005859375,2970.27,1482.699951171875
2019-10-14,8374.6865234375,2966.15,1491.699951171875
2019-10-15,8205.369140625,2995.68,1477.5999755859375
2019-10-16,8047.52685546875,2989.69,1488.0
2019-10-17,8103.9111328125,2997.95,1492.300048828125
2019-10-18,7973.20751953125,2986.2,1488.199951171875
2019-10-19,7988.560546875,2986.2,1488.199951171875
2019-10-20,8222.078125,2986.2,1488.199951171875
2019-10-21,8243.720703125,3006.72,1482.4000244140625
2019-10-22,8078.203125,2995.99,1481.699951171875
2019-10-23,7514.671875,3004.52,1489.9000244140625
2019-10-24,7493.48876953125,3010.29,1498.9000244140625
2019-10-25,8660.7001953125,3022.55,1499.5
2019-10-26,9244.97265625,3022.55,1499.5
2019-10-27,9551.71484375,3022.55,1499.5
2019-10-28,9256.1484375,3039.42,1490.0
2019-10-29,9427.6875,3036.89,1487.0
2019-10-30,9205.7265625,3046.77,1493.199951171875
2019-10-31,9199.5849609375,3037.56,1511.4000244140625
2019-11-01,9261.1044921875,3066.91,1508.0
2019-11-02,9324.7177734375,3066.91,1508.0
2019-11-03,9235.3544921875,3066.91,1508.0
2019-11-04,9412.6123046875,3078.27,1508.0
2019-11-05,9342.52734375,3074.62,1480.800048828125
2019-11-06,9360.8798828125,3076.78,1490.199951171875
2019-11-07,9267.5615234375,3085.18,1464.199951171875
2019-11-08,8804.880859375,3093.08,1461.300048828125
2019-11-09,8813.58203125,3093.08,1461.300048828125
2019-11-10,9055.5263671875,3093.08,1461.300048828125
2019-11-11,8757.7880859375,3087.01,1455.5
2019-11-12,8815.662109375,3091.84,1452.0999755859375
2019-11-13,8808.2626953125,3094.04,1461.699951171875
2019-11-14,8708.0947265625,3096.63,1471.800048828125
2019-11-15,8491.9921875,3120.46,1467.300048828125
2019-11-16,8550.7607421875,3120.46,1467.300048828125
2019-11-17,8577.9755859375,3120.46,1467.300048828125
2019-11-18,8309.2861328125,3122.03,1470.9000244140625
2019-11-19,8206.1455078125,3120.18,1473.300048828125
2019-11-20,8027.26806640625,3108.46,1473.300048828125
2019-11-21,7642.75,3103.54,1463.0999755859375
2019-11-22,7296.57763671875,3110.29,1463.0999755859375
2019-11-23,7397.796875,3110.29,1463.0999755859375
2019-11-24,7047.9169921875,3110.29,1463.0999755859375
2019-11-25,7146.1337890625,3133.64,1456.5999755859375
2019-11-26,7218.37109375,3140.52,1459.800048828125
2019-11-27,7531.66357421875,3153.63,1453.4000244140625
2019-11-28,7463.10595703125,3153.63,1453.4000244140625
2019-11-29,7761.24365234375,3140.98,1465.5999755859375
2019-11-30,7569.6298828125,3140.98,1465.5999755859375
2019-12-01,7424.29248046875,3140.98,1465.5999755859375
2019-12-02,7321.98828125,3113.87,1462.300048828125
2019-12-03,7320.1455078125,3093.2,1478.199951171875
2019-12-04,7252.03466796875,3112.76,1474.0
2019-12-05,7448.3076171875,3117.43,1476.9000244140625
2019-12-06,7546.99658203125,3145.91,1459.0999755859375
2019-12-07,7556.23779296875,3145.91,1459.0999755859375
2019-12-08,7564.34521484375,3145.91,1459.0999755859375
2019-12-09,7400.8994140625,3135.96,1459.300048828125
2019-12-10,7278.11962890625,3132.52,1462.5999755859375
2019-12-11,7217.42724609375,3141.63,1469.4000244140625
2019-12-12,7243.13427734375,3168.57,1466.699951171875
2019-12-13,7269.6845703125,3168.8,1475.5999755859375
2019-12-14,7124.673828125,3168.8,1475.5999755859375
2019-12-15,7152.3017578125,3168.8,1475.5999755859375
2019-12-16,6932.48046875,3191.45,1475.0
2019-12-17,6640.51513671875,3192.52,1474.5999755859375
2019-12-18,7276.802734375,3191.14,1472.5999755859375
2019-12-19,7202.84423828125,3205.37,1478.199951171875
2019-12-20,7218.81640625,3221.22,1474.699951171875
2019-12-21,7191.15869140625,3221.22,1474.699951171875
2019-12-22,7511.5888671875,3221.22,1474.699951171875
2019-12-23,7355.62841796875,3224.01,1482.5
2019-12-24,7322.5322265625,3223.38,1499.0999755859375
2019-12-25,7275.15576171875,3223.38,1499.0999755859375
2019-12-26,7238.966796875,3239.91,1509.300048828125
2019-12-27,7290.08837890625,3240.02,1513.800048828125
2019-12-28,7317.990234375,3240.02,1513.800048828125
2019-12-29,7422.65283203125,3240.02,1513.800048828125
2019-12-30,7292.9951171875,3221.29,1514.5
2019-12-31,7193.59912109375,3230.78,1519.5
2020-01-01,7200.17431640625,3230.78,1519.5
2020-01-02,6985.47021484375,3257.85,1524.5
2020-01-03,7344.88427734375,3234.85,1549.199951171875
2020-01-04,7410.65673828125,3234.85,1549.199951171875
2020-01-05,7411.3173828125,3234.85,1549.199951171875
2020-01-06,7769.21923828125,3246.28,1566.199951171875
2020-01-07,8163.6923828125,3237.18,1571.800048828125
2020-01-08,8079.86279296875,3253.05,1557.4000244140625
2020-01-09,7879.0712890625,3274.7,1551.699951171875
2020-01-10,8166.55419921875,3265.35,1557.5
2020-01-11,8037.53759765625,3265.35,1557.5
2020-01-12,8192.494140625,3265.35,1557.5
2020-01-13,8144.1943359375,3288.13,1548.4000244140625
2020-01-14,8827.7646484375,3283.15,1542.4000244140625
2020-01-15,8807.0107421875,3289.29,1552.0999755859375
2020-01-16,8723.7861328125,3316.81,1549.0
2020-01-17,8929.0380859375,3329.62,1558.800048828125
2020-01-18,8942.80859375,3329.62,1558.800048828125
2020-01-19,8706.2451171875,3329.62,1558.800048828125
2020-01-20,8657.642578125,3329.62,1558.800048828125
2020-01-21,8745.89453125,3320.79,1556.4000244140625
2020-01-22,8680.8759765625,3321.75,1555.300048828125
2020-01-23,8406.515625,3325.54,1564.5999755859375
2020-01-24,8445.4345703125,3295.47,1571.0999755859375
2020-01-25,8367.84765625,3295.47,1571.0999755859375
2020-01-26,8596.830078125,3295.47,1571.0999755859375
2020-01-27,8909.8193359375,3243.63,1576.800048828125
2020-01-28,9358.58984375,3276.24,1569.199951171875
2020-01-29,9316.6298828125,3273.4,1569.800048828125
2020-01-30,9508.9931640625,3283.66,1583.5
2020-01-31,9350.529296875,3225.52,1582.9000244140625
2020-02-01,9392.875,3225.52,1582.9000244140625
2020-02-02,9344.365234375,3225.52,1582.9000244140625
2020-02-03,9293.521484375,3248.92,1577.199951171875
2020-02-04,9180.962890625,3297.59,1550.4000244140625
2020-02-05,9613.423828125,3334.69,1557.800048828125
2020-02-06,9729.8017578125,3345.78,1565.0999755859375
2020-02-07,9795.943359375,3327.71,1568.5999755859375
2020-02-08,9865.119140625,3327.71,1568.5999755859375
2020-02-09,10116.673828125,3327.71,1568.5999755859375
2020-02-10,9856.611328125,3352.09,1574.699951171875
2020-02-11,10208.236328125,3357.75,1565.5999755859375
2020-02-12,10326.0546875,3379.45,1567.4000244140625
2020-02-13,10214.3798828125,3373.94,1575.0999755859375
2020-02-14,10312.1162109375,3380.16,1582.699951171875
2020-02-15,9889.4248046875,3380.16,1582.699951171875
2020-02-16,9934.43359375,3380.16,1582.699951171875
2020-02-17,9690.142578125,3380.16,1582.699951171875
2020-02-18,10141.99609375,3370.29,1600.0
2020-02-19,9633.38671875,3386.15,1607.5
2020-02-20,9608.4755859375,3373.23,1616.5999755859375
2020-02-21,9686.44140625,3337.75,1644.5999755859375
2020-02-22,9663.181640625,3337.75,1644.5999755859375
2020-02-23,9924.515625,3337.75,1644.5999755859375
2020-02-24,9650.1748046875,3225.89,1672.4000244140625
2020-02-25,9341.705078125,3128.21,1646.9000244140625
2020-02-26,8820.5224609375,3116.39,1640.0
2020-02-27,8784.494140625,2978.76,1640.0
2020-02-28,8672.455078125,2954.22,1564.0999755859375
2020-02-29,8599.5087890625,2954.22,1564.0999755859375
2020-03-01,8562.4541015625,2954.22,1564.0999755859375
2020-03-02,8869.669921875,3090.23,1592.300048828125
2020-03-03,8787.7861328125,3003.37,1642.0999755859375
2020-03-04,8755.24609375,3130.12,1641.0999755859375
2020-03-05,9078.7626953125,3023.94,1666.4000244140625
2020-03-06,9122.5458984375,2972.37,1670.800048828125
2020-03-07,8909.9541015625,2972.37,1670.800048828125
2020-03-08,8108.1162109375,2972.37,1670.800048828125
2020-03-09,7923.64453125,2746.56,1674.5
2020-03-10,7909.7294921875,2882.23,1659.0999755859375
2020-03-11,7911.43017578125,2741.38,1641.4000244140625
2020-03-12,4970.7880859375,2480.64,1589.300048828125
2020-03-13,5563.70703125,2711.02,1515.699951171875
2020-03-14,5200.3662109375,2711.02,1515.699951171875
2020-03-15,5392.31494140625,2711.02,1515.699951171875
2020-03-16,5014.47998046875,2386.13,1485.9000244140625
2020-03-17,5225.62939453125,2529.19,1524.9000244140625
2020-03-18,5238.4384765625,2398.1,1477.300048828125
2020-03-19,6191.19287109375,2409.39,1478.5999755859375
2020-03-20,6198.7783203125,2304.92,1484.0
2020-03-21,6185.06640625,2304.92,1484.0
2020-03-22,5830.2548828125,2304.92,1484.0
2020-03-23,6416.31494140625,2237.4,1567.0
2020-03-24,6734.8037109375,2447.33,1660.199951171875
2020-03-25,6681.06298828125,2475.56,1632.300048828125
2020-03-26,6716.4404296875,2630.07,1650.0999755859375
2020-03-27,6469.79833984375,2541.47,1623.9000244140625
2020-03-28,6242.19384765625,2541.47,1623.9000244140625
2020-03-29,5922.04296875,2541.47,1623.9000244140625
2020-03-30,6429.841796875,2626.65,1622.0
2020-03-31,6438.64453125,2584.59,1583.4000244140625
2020-04-01,6606.7763671875,2470.5,1578.199951171875
2020-04-02,6793.62451171875,2526.9,1625.699951171875
2020-04-03,6733.38720703125,2488.65,1633.699951171875
2020-04-04,6867.52734375,2488.65,1633.699951171875
2020-04-05,6791.12939453125,2488.65,1633.699951171875
2020-04-06,7271.78125,2663.68,1677.0
2020-04-07,7176.41455078125,2659.41,1664.800048828125
2020-04-08,7334.0986328125,2749.98,1665.4000244140625
2020-04-09,7302.08935546875,2789.82,1736.199951171875
2020-04-10,6865.4931640625,2789.82,1736.199951171875
2020-04-11,6859.0830078125,2789.82,1736.199951171875
2020-04-12,6971.091796875,2789.82,1736.199951171875
2020-04-13,6845.03759765625,2761.63,1744.800048828125
2020-04-14,6842.427734375,2846.06,1756.699951171875
2020-04-15,6642.10986328125,2783.36,1727.199951171875
2020-04-16,7116.80419921875,2799.55,1720.4000244140625
2020-04-17,7096.1845703125,2874.56,1689.199951171875
2020-04-18,7257.6650390625,2874.56,1689.199951171875
2020-04-19,7189.4248046875,2874.56,1689.199951171875
2020-04-20,6881.95849609375,2823.16,1701.5999755859375
2020-04-21,6880.3232421875,2736.56,1678.199951171875
2020-04-22,7117.20751953125,2799.31,1728.699951171875
2020-04-23,7429.724609375,2797.8,1733.300048828125
2020-04-24,7550.90087890625,2836.74,1723.5
2020-04-25,7569.93603515625,2836.74,1723.5
2020-04-26,7679.8671875,2836.74,1723.5
2020-04-27,7795.60107421875,2878.48,1711.9000244140625
2020-04-28,7807.05859375,2863.39,1710.5
2020-04-29,8801.0380859375,2939.51,1703.4000244140625
2020-04-30,8658.5537109375,2912.43,1684.199951171875
2020-05-01,8864.7666015625,2830.71,1694.5
2020-05-02,8988.5966796875,2830.71,1694.5
2020-05-03,8897.46875,2830.71,1694.5
2020-05-04,8912.654296875,2842.74,1706.9000244140625
2020-05-05,9003.0703125,2868.44,1704.4000244140625
2020-05-06,9268.76171875,2848.42,1684.199951171875
2020-05-07,9951.5185546875,2881.19,1721.800048828125
2020-05-08,9842.666015625,2929.8,1709.9000244140625
2020-05-09,9593.896484375,2929.8,1709.9000244140625
2020-05-10,8756.4306640625,2929.8,1709.9000244140625
2020-05-11,8601.7958984375,2930.32,1695.300048828125
2020-05-12,8804.4775390625,2870.12,1704.4000244140625
2020-05-13,9269.9873046875,2820.0,1713.9000244140625
2020-05-14,9733.7216796875,2852.5,1738.0999755859375
2020-05-15,9328.197265625,2863.7,1753.4000244140625
2020-05-16,9377.013671875,2863.7,1753.4000244140625
2020-05-17,9670.7392578125,2863.7,1753.4000244140625
2020-05-18,9726.5751953125,2953.91,1731.800048828125
2020-05-19,9729.0380859375,2922.94,1744.199951171875
2020-05-20,9522.9814453125,2971.61,1750.5999755859375
2020-05-21,9081.76171875,2948.51,1720.5
2020-05-22,9182.5771484375,2955.45,1734.5999755859375
2020-05-23,9209.287109375,2955.45,1734.5999755859375
2020-05-24,8790.3681640625,2955.45,1734.5999755859375
2020-05-25,8906.9345703125,2955.45,1734.5999755859375
2020-05-26,8835.052734375,2991.77,1704.800048828125
2020-05-27,9181.017578125,3036.13,1710.300048828125
2020-05-28,9525.7509765625,3029.73,1713.300048828125
2020-05-29,9439.1240234375,3044.31,1736.9000244140625
2020-05-30,9700.4140625,3044.31,1736.9000244140625
2020-05-31,9461.05859375,3044.31,1736.9000244140625
2020-06-01,10167.2685546875,3055.73,1737.800048828125
2020-06-02,9529.8037109375,3080.82,1725.199951171875
2020-06-03,9656.7177734375,3122.87,1697.800048828125
2020-06-04,9800.63671875,3112.35,1718.9000244140625
2020-06-05,9665.533203125,3193.93,1676.199951171875
2020-06-06,9653.6796875,3193.93,1676.199951171875
2020-06-07,9758.8525390625,3193.93,1676.199951171875
2020-06-08,9771.4892578125,3232.39,1698.300048828125
2020-06-09,9795.7001953125,3207.18,1714.699951171875
2020-06-10,9870.0947265625,3190.14,1713.300048828125
2020-06-11,9321.78125,3002.1,1732.0
2020-06-12,9480.84375,3041.31,1729.300048828125
2020-06-13,9475.27734375,3041.31,1729.300048828125
2020-06-14,9386.7880859375,3041.31,1729.300048828125
2020-06-15,9450.7021484375,3066.59,1720.300048828125
2020-06-16,9538.0244140625,3124.74,1729.5999755859375
2020-06-17,9480.2548828125,3113.49,1729.199951171875
2020-06-18,9411.8408203125,3115.34,1724.800048828125
2020-06-19,9288.0185546875,3097.74,1745.9000244140625
2020-06-20,9332.3408203125,3097.74,1745.9000244140625
2020-06-21,9303.6298828125,3097.74,1745.9000244140625
2020-06-22,9648.7177734375,3117.86,1756.699951171875
2020-06-23,9629.658203125,3131.29,1772.0999755859375
2020-06-24,9313.6103515625,3050.33,1765.800048828125
2020-06-25,9264.8134765625,3083.76,1762.0999755859375
2020-06-26,9162.91796875,3009.05,1772.5
2020-06-27,9045.390625,3009.05,1772.5
2020-06-28,9143.58203125,3009.05,1772.5
2020-06-29,9190.8544921875,3053.24,1774.800048828125
2020-06-30,9137.9931640625,3100.29,1793.0
2020-07-01,9228.3251953125,3115.86,1773.199951171875
2020-07-02,9123.41015625,3130.01,1784.0
2020-07-03,9087.3037109375,3130.01,1784.0
2020-07-04,9132.48828125,3130.01,1784.0
2020-07-05,9073.9423828125,3130.01,1784.0
2020-07-06,9375.474609375,3179.72,1788.5
2020-07-07,9252.27734375,3145.32,1804.199951171875
2020-07-08,9428.3330078125,3169.94,1815.5
2020-07-09,9277.9677734375,3152.05,1799.199951171875
2020-07-10,9278.8076171875,3185.04,1798.199951171875
2020-07-11,9240.3466796875,3185.04,1798.199951171875
2020-07-12,9276.5,3185.04,1798.199951171875
2020-07-13,9243.6142578125,3155.22,1811.0
2020-07-14,9243.2138671875,3197.52,1810.5999755859373
2020-07-15,9192.8369140625,3226.56,1811.4000244140625
2020-07-16,9132.2275390625,3215.57,1798.699951171875
2020-07-17,9151.392578125,3224.73,1808.300048828125
2020-07-18,9159.0400390625,3224.73,1808.300048828125
2020-07-19,9185.8173828125,3224.73,1808.300048828125
2020-07-20,9164.2314453125,3251.84,1815.9000244140625
2020-07-21,9374.8876953125,3257.3,1842.4000244140625
2020-07-22,9525.36328125,3276.02,1864.0999755859373
2020-07-23,9581.072265625,3235.66,1889.0999755859373
2020-07-24,9536.892578125,3215.63,1897.300048828125
2020-07-25,9677.11328125,3215.63,1897.300048828125
2020-07-26,9905.1669921875,3215.63,1897.300048828125
2020-07-27,10990.873046875,3239.41,1931.0
2020-07-28,10912.8232421875,3218.44,1944.699951171875
2020-07-29,11100.4677734375,3258.44,1953.5
2020-07-30,11111.2138671875,3246.22,1942.300048828125
2020-07-31,11323.466796875,3271.12,1962.800048828125
2020-08-01,11759.5927734375,3271.12,1962.800048828125
2020-08-02,11053.6142578125,3271.12,1962.800048828125
2020-08-03,11246.3486328125,3294.61,1966.0
2020-08-04,11205.892578125,3306.51,2001.199951171875
2020-08-05,11747.0224609375,3327.77,2031.0999755859373
2020-08-06,11779.7734375,3349.16,2051.5
2020-08-07,11601.47265625,3351.28,2010.0999755859373
2020-08-08,11754.0458984375,3351.28,2010.0999755859373
2020-08-09,11675.7392578125,3351.28,2010.0999755859373
2020-08-10,11878.111328125,3360.47,2024.4000244140625
2020-08-11,11410.525390625,3333.69,1932.5999755859373
2020-08-12,11584.9345703125,3380.35,1934.9000244140625
2020-08-13,11784.1376953125,3373.43,1956.699951171875
2020-08-14,11768.87109375,3372.85,1937.0
2020-08-15,11865.6982421875,3372.85,1937.0
2020-08-16,11892.8037109375,3372.85,1937.0
2020-08-17,12254.40234375,3381.99,1985.0
2020-08-18,11991.2333984375,3389.78,1999.4000244140625
2020-08-19,11758.283203125,3374.85,1958.699951171875
2020-08-20,11878.3720703125,3385.51,1933.800048828125
2020-08-21,11592.4892578125,3397.16,1934.5999755859373
2020-08-22,11681.8251953125,3397.16,1934.5999755859373
2020-08-23,11664.84765625,3397.16,1934.5999755859373
2020-08-24,11774.595703125,3431.28,1927.699951171875
2020-08-25,11366.134765625,3443.62,1911.800048828125
2020-08-26,11488.36328125,3478.73,1940.699951171875
2020-08-27,11323.3974609375,3484.55,1921.5999755859373
2020-08-28,11542.5,3508.01,1964.5999755859373
2020-08-29,11506.865234375,3508.01,1964.5999755859373
2020-08-30,11711.505859375,3508.01,1964.5999755859373
2020-08-31,11680.8203125,3500.31,1967.5999755859373
2020-09-01,11970.478515625,3526.65,1968.199951171875
2020-09-02,11414.0341796875,3580.84,1934.4000244140625
2020-09-03,10245.296875,3455.06,1927.5999755859373
2020-09-04,10511.8134765625,3426.96,1923.9000244140625
2020-09-05,10169.5673828125,3426.96,1923.9000244140625
2020-09-06,10280.3515625,3426.96,1923.9000244140625
2020-09-07,10369.5634765625,3426.96,1923.9000244140625
2020-09-08,10131.5166015625,3331.84,1933.0
2020-09-09,10242.34765625,3398.96,1944.699951171875
2020-09-10,10363.138671875,3339.19,1954.199951171875
2020-09-11,10400.9150390625,3340.97,1937.800048828125
2020-09-12,10442.1708984375,3340.97,1937.800048828125
2020-09-13,10323.755859375,3340.97,1937.800048828125
2020-09-14,10680.837890625,3383.54,1953.0999755859373
2020-09-15,10796.951171875,3401.2,1956.300048828125
2020-09-16,10974.9052734375,3385.49,1960.199951171875
2020-09-17,10948.990234375,3357.01,1940.0
2020-09-18,10944.5859375,3319.47,1952.0999755859373
2020-09-19,11094.3466796875,3319.47,1952.0999755859373
2020-09-20,10938.271484375,3319.47,1952.0999755859373
2020-09-21,10462.259765625,3281.06,1901.199951171875
2020-09-22,10538.4599609375,3315.57,1898.5999755859373
2020-09-23,10246.1865234375,3236.92,1859.9000244140625
2020-09-24,10760.06640625,3246.59,1868.300048828125
2020-09-25,10692.716796875,3298.46,1857.699951171875
2020-09-26,10750.7236328125,3298.46,1857.699951171875
2020-09-27,10775.26953125,3298.46,1857.699951171875
2020-09-28,10709.65234375,3351.6,1872.800048828125
2020-09-29,10844.640625,3335.47,1894.300048828125
2020-09-30,10784.4912109375,3363.0,1887.5
2020-10-01,10619.4521484375,3380.8,1908.4000244140625
2020-10-02,10575.974609375,3348.44,1900.199951171875
2020-10-03,10549.3291015625,3348.44,1900.199951171875
2020-10-04,10669.5830078125,3348.44,1900.199951171875
2020-10-05,10793.33984375,3408.63,1912.5
2020-10-06,10604.40625,3360.95,1901.0999755859373
2020-10-07,10668.96875,3419.45,1883.5999755859373
2020-10-08,10915.685546875,3446.83,1888.5999755859373
2020-10-09,11064.4580078125,3477.13,1919.5
2020-10-10,11296.361328125,3477.13,1919.5
2020-10-11,11384.181640625,3477.13,1919.5
2020-10-12,11555.36328125,3534.22,1922.5
2020-10-13,11425.8994140625,3511.93,1888.5
2020-10-14,11429.5068359375,3488.67,1901.300048828125
2020-10-15,11495.349609375,3483.34,1903.199951171875
2020-10-16,11322.123046875,3483.81,1900.800048828125
2020-10-17,11358.1015625,3483.81,1900.800048828125
2020-10-18,11483.359375,3483.81,1900.800048828125
2020-10-19,11742.037109375,3426.92,1906.4000244140625
2020-10-20,11916.3349609375,3443.12,1910.4000244140625
2020-10-21,12823.689453125,3435.56,1924.5999755859373
2020-10-22,12965.8916015625,3453.49,1901.0999755859373
2020-10-23,12931.5390625,3465.39,1902.0
2020-10-24,13108.0625,3465.39,1902.0
2020-10-25,13031.173828125,3465.39,1902.0
2020-10-26,13075.248046875,3400.97,1902.699951171875
2020-10-27,13654.21875,3390.68,1908.800048828125
2020-10-28,13271.28515625,3271.03,1876.199951171875
2020-10-29,13437.8828125,3310.11,1865.5999755859373
2020-10-30,13546.5224609375,3269.96,1877.4000244140625
2020-10-31,13780.9951171875,3269.96,1877.4000244140625
2020-11-01,13737.109375,3269.96,1877.4000244140625
2020-11-02,13550.4892578125,3310.24,1890.4000244140625
2020-11-03,13950.30078125,3369.02,1908.5
2020-11-04,14133.70703125,3443.44,1894.5999755859373
2020-11-05,15579.8486328125,3510.45,1945.300048828125
2020-11-06,15565.880859375,3509.44,1950.300048828125
2020-11-07,14833.75390625,3509.44,1950.300048828125
2020-11-08,15479.5673828125,3509.44,1950.300048828125
2020-11-09,15332.3154296875,3550.5,1853.199951171875
2020-11-10,15290.90234375,3545.53,1875.4000244140625
2020-11-11,15701.33984375,3572.66,1860.699951171875
2020-11-12,16276.34375,3537.01,1872.5999755859373
2020-11-13,16317.80859375,3585.15,1885.699951171875
2020-11-14,16068.138671875,3585.15,1885.699951171875
2020-11-15,15955.587890625,3585.15,1885.699951171875
2020-11-16,16716.111328125,3626.91,1887.300048828125
2020-11-17,17645.40625,3609.53,1884.5
2020-11-18,17804.005859375,3567.79,1873.5
2020-11-19,17817.08984375,3581.87,1861.0999755859373
2020-11-20,18621.314453125,3557.54,1872.5999755859373
2020-11-21,18642.232421875,3557.54,1872.5999755859373
2020-11-22,18370.001953125,3557.54,1872.5999755859373
2020-11-23,18364.12109375,3577.59,1837.800048828125
2020-11-24,19107.46484375,3635.41,1804.800048828125
2020-11-25,18732.12109375,3629.65,1805.699951171875
2020-11-26,17150.623046875,3629.65,1805.699951171875
2020-11-27,17108.40234375,3638.35,1781.9000244140625
2020-11-28,17717.4140625,3638.35,1781.9000244140625
2020-11-29,18177.484375,3638.35,1781.9000244140625
2020-11-30,19625.8359375,3621.63,1775.699951171875
2020-12-01,18802.998046875,3662.45,1814.0999755859373
2020-12-02,19201.091796875,3669.01,1825.699951171875
2020-12-03,19445.3984375,3666.72,1836.800048828125
2020-12-04,18699.765625,3699.12,1835.9000244140625
2020-12-05,19154.23046875,3699.12,1835.9000244140625
2020-12-06,19345.12109375,3699.12,1835.9000244140625
2020-12-07,19191.630859375,3691.96,1861.800048828125
2020-12-08,18321.14453125,3702.25,1870.800048828125
2020-12-09,18553.916015625,3672.82,1834.5999755859373
2020-12-10,18264.9921875,3668.1,1833.5999755859373
2020-12-11,18058.904296875,3663.46,1839.800048828125
2020-12-12,18803.65625,3663.46,1839.800048828125
2020-12-13,19142.3828125,3663.46,1839.800048828125
2020-12-14,19246.64453125,3647.49,1828.699951171875
2020-12-15,19417.076171875,3694.62,1852.300048828125
2020-12-16,21310.59765625,3701.17,1856.0999755859373
2020-12-17,22805.162109375,3722.48,1887.199951171875
2020-12-18,23137.9609375,3709.41,1885.699951171875
2020-12-19,23869.83203125,3709.41,1885.699951171875
2020-12-20,23477.294921875,3709.41,1885.699951171875
2020-12-21,22803.08203125,3694.92,1879.199951171875
2020-12-22,23783.029296875,3687.26,1866.5999755859373
2020-12-23,23241.345703125,3690.01,1874.699951171875
2020-12-24,23735.94921875,3703.06,1879.9000244140625
2020-12-25,24664.791015625,3703.06,1879.9000244140625
2020-12-26,26437.037109375,3703.06,1879.9000244140625
2020-12-27,26272.294921875,3703.06,1879.9000244140625
2020-12-28,27084.80859375,3735.36,1877.199951171875
2020-12-29,27362.4375,3727.04,1879.699951171875
2020-12-30,28840.953125,3732.04,1891.0
2020-12-31,29001.720703125,3756.07,1893.0999755859373
2021-01-01,29374.15234375,3756.07,1893.0999755859373
2021-01-02,32127.267578125,3756.07,1893.0999755859373
2021-01-03,32782.0234375,3756.07,1893.0999755859373
2021-01-04,31971.9140625,3700.65,1944.699951171875
2021-01-05,33992.4296875,3726.86,1952.699951171875
2021-01-06,36824.36328125,3748.14,1906.9000244140625
2021-01-07,39371.04296875,3803.79,1912.300048828125
2021-01-08,40797.609375,3824.68,1834.0999755859373
2021-01-09,40254.546875,3824.68,1834.0999755859373
2021-01-10,38356.44140625,3824.68,1834.0999755859373
2021-01-11,35566.65625,3799.61,1849.5999755859373
2021-01-12,33922.9609375,3801.19,1842.9000244140625
2021-01-13,37316.359375,3809.84,1853.5999755859373
2021-01-14,39187.328125,3795.54,1850.300048828125
2021-01-15,36825.3671875,3768.25,1829.300048828125
2021-01-16,36178.140625,3768.25,1829.300048828125
2021-01-17,35791.27734375,3768.25,1829.300048828125
2021-01-18,36630.07421875,3768.25,1829.300048828125
2021-01-19,36069.8046875,3798.91,1839.5
2021-01-20,35547.75,3851.85,1865.9000244140625
2021-01-21,30825.69921875,3853.07,1865.300048828125
2021-01-22,33005.76171875,3841.47,1855.699951171875
2021-01-23,32067.642578125,3841.47,1855.699951171875
2021-01-24,32289.37890625,3841.47,1855.699951171875
2021-01-25,32366.392578125,3855.36,1854.9000244140625
2021-01-26,32569.849609375,3849.62,1850.699951171875
2021-01-27,30432.546875,3750.77,1844.9000244140625
2021-01-28,33466.09765625,3787.38,1837.9000244140625
2021-01-29,34316.38671875,3714.24,1847.300048828125
2021-01-30,34269.5234375,3714.24,1847.300048828125
2021-01-31,33114.359375,3714.24,1847.300048828125
2021-02-01,33537.17578125,3773.86,1860.800048828125
2021-02-02,35510.2890625,3826.31,1830.5
2021-02-03,37472.08984375,3830.17,1832.199951171875
2021-02-04,36926.06640625,3871.74,1788.9000244140625
2021-02-05,38144.30859375,3886.83,1810.9000244140625
2021-02-06,39266.01171875,3886.83,1810.9000244140625
2021-02-07,38903.44140625,3886.83,1810.9000244140625
2021-02-08,46196.46484375,3915.59,1831.9000244140625
2021-02-09,46481.10546875,3911.23,1835.300048828125
2021-02-10,44918.18359375,3909.88,1840.5999755859373
2021-02-11,47909.33203125,3916.38,1824.9000244140625
2021-02-12,47504.8515625,3934.83,1821.5999755859373
2021-02-13,47105.515625,3934.83,1821.5999755859373
2021-02-14,48717.2890625,3934.83,1821.5999755859373
2021-02-15,47945.05859375,3934.83,1821.5999755859373
2021-02-16,49199.87109375,3932.59,1797.199951171875
2021-02-17,52149.0078125,3931.33,1771.0999755859375
2021-02-18,51679.796875,3913.97,1773.4000244140625
2021-02-19,55888.1328125,3906.71,1775.800048828125
2021-02-20,56099.51953125,3906.71,1775.800048828125
2021-02-21,57539.9453125,3906.71,1775.800048828125
2021-02-22,54207.3203125,3876.5,1806.699951171875
2021-02-23,48824.42578125,3881.37,1804.4000244140625
2021-02-24,49705.33203125,3925.43,1796.4000244140625
2021-02-25,47093.8515625,3829.34,1774.4000244140625
2021-02-26,46339.76171875,3811.15,1728.0999755859375
2021-02-27,46188.453125,3811.15,1728.0999755859375
2021-02-28,45137.76953125,3811.15,1728.0999755859375
2021-03-01,49631.2421875,3901.82,1722.5
2021-03-02,48378.98828125,3870.29,1733.0999755859375
2021-03-03,50538.2421875,3819.72,1715.300048828125
2021-03-04,48561.16796875,3768.47,1700.199951171875
2021-03-05,48927.3046875,3841.94,1698.0
2021-03-06,48912.3828125,3841.94,1698.0
2021-03-07,51206.69140625,3841.94,1698.0
2021-03-08,52246.5234375,3821.35,1677.699951171875
2021-03-09,54824.1171875,3875.44,1716.5999755859375
2021-03-10,56008.55078125,3898.81,1721.5
2021-03-11,57805.12109375,3939.34,1722.300048828125
2021-03-12,57332.08984375,3943.34,1719.5
2021-03-13,61243.0859375,3943.34,1719.5
2021-03-14,59302.31640625,3943.34,1719.5
2021-03-15,55907.19921875,3968.94,1728.9000244140625
2021-03-16,56804.90234375,3962.71,1730.5999755859375
2021-03-17,58870.89453125,3974.12,1726.800048828125
2021-03-18,57858.921875,3915.46,1732.199951171875
2021-03-19,58346.65234375,3913.1,1741.4000244140625
2021-03-20,58313.64453125,3913.1,1741.4000244140625
2021-03-21,57523.421875,3913.1,1741.4000244140625
2021-03-22,54529.14453125,3940.59,1737.800048828125
2021-03-23,54738.9453125,3910.52,1724.699951171875
2021-03-24,52774.265625,3889.14,1732.9000244140625
2021-03-25,51704.16015625,3909.52,1724.9000244140625
2021-03-26,55137.3125,3974.54,1732.199951171875
2021-03-27,55973.51171875,3974.54,1732.199951171875
2021-03-28,55950.74609375,3974.54,1732.199951171875
2021-03-29,57750.19921875,3971.09,1712.0999755859375
2021-03-30,58917.69140625,3958.55,1683.9000244140625
2021-03-31,58918.83203125,3972.89,1713.800048828125
2021-04-01,59095.80859375,4019.87,1726.5
2021-04-02,59384.3125,4019.87,1726.5
2021-04-03,57603.890625,4019.87,1726.5
2021-04-04,58758.5546875,4019.87,1726.5
2021-04-05,59057.87890625,4077.91,1727.0
2021-04-06,58192.359375,4073.94,1741.5
2021-04-07,56048.9375,4079.95,1740.0999755859375
2021-04-08,58323.953125,4097.17,1756.800048828125
2021-04-09,58245.00390625,4128.8,1743.300048828125
2021-04-10,59793.234375,4128.8,1743.300048828125
2021-04-11,60204.96484375,4128.8,1743.300048828125
2021-04-12,59893.453125,4127.99,1731.199951171875
2021-04-13,63503.45703125,4141.59,1746.199951171875
2021-04-14,63109.6953125,4124.66,1734.9000244140625
2021-04-15,63314.01171875,4170.42,1765.4000244140625
2021-04-16,61572.7890625,4185.47,1779.0
2021-04-17,60683.8203125,4185.47,1779.0
2021-04-18,56216.18359375,4185.47,1779.0
2021-04-19,55724.265625,4163.26,1769.4000244140625
2021-04-20,56473.03125,4134.94,1777.300048828125
2021-04-21,53906.08984375,4173.42,1792.300048828125
2021-04-22,51762.2734375,4134.98,1781.199951171875
2021-04-23,51093.65234375,4180.17,1777.0
2021-04-24,50050.8671875,4180.17,1777.0
2021-04-25,49004.25390625,4180.17,1777.0
2021-04-26,54021.75390625,4187.62,1779.199951171875
2021-04-27,55033.1171875,4186.72,1778.0
2021-04-28,54824.703125,4183.18,1773.199951171875
2021-04-29,53555.109375,4211.47,1768.0999755859375
2021-04-30,57750.17578125,4181.17,1767.300048828125
2021-05-01,57828.05078125,4181.17,1767.300048828125
2021-05-02,56631.078125,4181.17,1767.300048828125
2021-05-03,57200.29296875,4192.66,1791.4000244140625
2021-05-04,53333.5390625,4164.66,1775.800048828125
2021-05-05,57424.0078125,4167.59,1784.0999755859375
2021-05-06,56396.515625,4201.62,1815.5
2021-05-07,57356.40234375,4232.6,1831.0999755859373
2021-05-08,58803.77734375,4232.6,1831.0999755859373
2021-05-09,58232.31640625,4232.6,1831.0999755859373
2021-05-10,55859.796875,4188.43,1837.5
2021-05-11,56704.57421875,4152.1,1835.9000244140625
2021-05-12,49150.53515625,4063.04,1822.5999755859373
2021-05-13,49716.19140625,4112.5,1823.800048828125
2021-05-14,49880.53515625,4173.85,1837.9000244140625
2021-05-15,46760.1875,4173.85,1837.9000244140625
2021-05-16,46456.05859375,4173.85,1837.9000244140625
2021-05-17,43537.51171875,4163.29,1867.5
2021-05-18,42909.40234375,4127.83,1867.800048828125
2021-05-19,37002.44140625,4115.68,1881.300048828125
2021-05-20,40782.73828125,4159.12,1881.800048828125
2021-05-21,37304.69140625,4155.86,1876.699951171875
2021-05-22,37536.6328125,4155.86,1876.699951171875
2021-05-23,34770.58203125,4155.86,1876.699951171875
2021-05-24,38705.98046875,4197.05,1884.5999755859373
2021-05-25,38402.22265625,4188.13,1898.0999755859373
2021-05-26,39294.19921875,4195.99,1901.300048828125
2021-05-27,38436.96875,4200.88,1895.699951171875
2021-05-28,35697.60546875,4204.11,1902.5
2021-05-29,34616.06640625,4204.11,1902.5
2021-05-30,35678.12890625,4204.11,1902.5
2021-05-31,37332.85546875,4204.11,1902.5
2021-06-01,36684.92578125,4202.04,1902.9000244140625
2021-06-02,37575.1796875,4208.12,1907.5
2021-06-03,39208.765625,4192.85,1871.199951171875
2021-06-04,36894.40625,4229.89,1889.800048828125
2021-06-05,35551.95703125,4229.89,1889.800048828125
2021-06-06,35862.37890625,4229.89,1889.800048828125
2021-06-07,33560.70703125,4226.52,1896.800048828125
2021-06-08,33472.6328125,4227.26,1892.199951171875
2021-06-09,37345.12109375,4219.55,1893.199951171875
2021-06-10,36702.59765625,4239.18,1894.199951171875
2021-06-11,37334.3984375,4247.44,1877.4000244140625
2021-06-12,35552.515625,4247.44,1877.4000244140625
2021-06-13,39097.859375,4247.44,1877.4000244140625
2021-06-14,40218.4765625,4255.15,1864.0
2021-06-15,40406.26953125,4246.59,1854.5
2021-06-16,38347.0625,4223.7,1859.5
2021-06-17,38053.50390625,4221.86,1773.800048828125
2021-06-18,35787.24609375,4166.45,1767.9000244140625
2021-06-19,35615.87109375,4166.45,1767.9000244140625
2021-06-20,35698.296875,4166.45,1767.9000244140625
2021-06-21,31676.693359375,4224.79,1781.800048828125
2021-06-22,32505.66015625,4246.44,1776.300048828125
2021-06-23,33723.02734375,4241.84,1782.300048828125
2021-06-24,34662.4375,4266.49,1775.5999755859375
2021-06-25,31637.779296875,4280.7,1776.5999755859375
2021-06-26,32186.27734375,4280.7,1776.5999755859375
2021-06-27,34649.64453125,4280.7,1776.5999755859375
2021-06-28,34434.3359375,4290.61,1779.5999755859375
2021-06-29,35867.77734375,4291.8,1762.800048828125
2021-06-30,35040.8359375,4297.5,1770.800048828125
2021-07-01,33572.1171875,4319.94,1775.9000244140625
2021-07-02,33897.046875,4352.34,1782.5999755859375
2021-07-03,34668.546875,4352.34,1782.5999755859375
2021-07-04,35287.78125,4352.34,1782.5999755859375
2021-07-05,33746.00390625,4352.34,1782.5999755859375
2021-07-06,34235.1953125,4343.54,1793.5
2021-07-07,33855.328125,4358.13,1801.5
2021-07-08,32877.37109375,4320.82,1799.5999755859375
2021-07-09,33798.01171875,4369.55,1810.0
2021-07-10,33520.51953125,4369.55,1810.0
2021-07-11,34240.1875,4369.55,1810.0
2021-07-12,33155.84765625,4384.63,1805.5
2021-07-13,32702.025390625,4369.21,1809.4000244140625
2021-07-14,32822.34765625,4374.3,1824.300048828125
2021-07-15,31780.73046875,4360.03,1828.4000244140625
2021-07-16,31421.5390625,4327.16,1814.5
2021-07-17,31533.068359375,4327.16,1814.5
2021-07-18,31796.810546875,4327.16,1814.5
2021-07-19,30817.83203125,4258.49,1808.699951171875
2021-07-20,29807.34765625,4323.06,1810.9000244140625
2021-07-21,32110.693359375,4358.69,1802.9000244140625
2021-07-22,32313.10546875,4367.48,1805.0
2021-07-23,33581.55078125,4411.79,1801.4000244140625
2021-07-24,34292.4453125,4411.79,1801.4000244140625
2021-07-25,35350.1875,4411.79,1801.4000244140625
2021-07-26,37337.53515625,4422.3,1798.699951171875
2021-07-27,39406.94140625,4401.46,1799.5
2021-07-28,39995.90625,4400.64,1799.5
2021-07-29,40008.421875,4419.15,1831.199951171875
2021-07-30,42235.546875,4395.26,1812.5999755859373
2021-07-31,41626.1953125,4395.26,1812.5999755859373
2021-08-01,39974.89453125,4395.26,1812.5999755859373
2021-08-02,39201.9453125,4387.16,1818.0999755859373
2021-08-03,38152.98046875,4423.15,1810.0999755859373
2021-08-04,39747.50390625,4402.66,1810.5
2021-08-05,40869.5546875,4429.1,1805.0999755859373
2021-08-06,42816.5,4436.52,1760.0
2021-08-07,44555.80078125,4436.52,1760.0
2021-08-08,43798.1171875,4436.52,1760.0
2021-08-09,46365.40234375,4432.35,1723.4000244140625
2021-08-10,45585.03125,4436.75,1728.800048828125
2021-08-11,45593.63671875,4447.7,1750.4000244140625
2021-08-12,44428.2890625,4460.83,1749.0
2021-08-13,47793.3203125,4468.0,1775.199951171875
2021-08-14,47096.9453125,4468.0,1775.199951171875
2021-08-15,47047.00390625,4468.0,1775.199951171875
2021-08-16,46004.484375,4479.71,1786.9000244140625
2021-08-17,44695.359375,4448.08,1785.0
2021-08-18,44801.1875,4400.27,1781.5999755859375
2021-08-19,46717.578125,4405.8,1780.199951171875
2021-08-20,49339.17578125,4441.67,1781.0
2021-08-21,48905.4921875,4441.67,1781.0
2021-08-22,49321.65234375,4441.67,1781.0
2021-08-23,49546.1484375,4479.53,1803.199951171875
2021-08-24,47706.1171875,4486.23,1805.5999755859373
2021-08-25,48960.7890625,4496.19,1788.199951171875
2021-08-26,46942.21875,4470.0,1792.199951171875
2021-08-27,49058.66796875,4509.37,1816.5999755859373
2021-08-28,48902.40234375,4509.37,1816.5999755859373
2021-08-29,48829.83203125,4509.37,1816.5999755859373
2021-08-30,47054.984375,4528.79,1809.0
2021-08-31,47166.6875,4522.68,1815.0
2021-09-01,48847.02734375,4524.09,1813.0999755859373
2021-09-02,49327.72265625,4536.95,1808.699951171875
2021-09-03,50025.375,4535.43,1830.9000244140625
2021-09-04,49944.625,4535.43,1830.9000244140625
2021-09-05,51753.41015625,4535.43,1830.9000244140625
2021-09-06,52633.53515625,4535.43,1830.9000244140625
2021-09-07,46811.12890625,4520.03,1795.9000244140625
2021-09-08,46091.390625,4514.07,1790.699951171875
2021-09-09,46391.421875,4493.28,1797.4000244140625
2021-09-10,44883.91015625,4458.58,1789.5999755859375
2021-09-11,45201.45703125,4458.58,1789.5999755859375
2021-09-12,46063.26953125,4458.58,1789.5999755859375
2021-09-13,44963.07421875,4468.73,1792.0
2021-09-14,47092.4921875,4443.05,1804.699951171875
2021-09-15,48176.34765625,4480.7,1792.4000244140625
2021-09-16,47783.359375,4473.75,1754.5999755859375
2021-09-17,47267.51953125,4432.99,1749.4000244140625
2021-09-18,48278.36328125,4432.99,1749.4000244140625
2021-09-19,47260.21875,4432.99,1749.4000244140625
2021-09-20,42843.80078125,4357.73,1761.800048828125
2021-09-21,40693.67578125,4354.19,1776.0
2021-09-22,43574.5078125,4395.64,1776.699951171875
2021-09-23,44895.09765625,4448.98,1747.699951171875
2021-09-24,42839.75,4455.48,1749.699951171875
2021-09-25,42716.59375,4455.48,1749.699951171875
2021-09-26,43208.5390625,4455.48,1749.699951171875
2021-09-27,42235.73046875,4443.11,1750.0
2021-09-28,41034.54296875,4352.63,1735.800048828125
2021-09-29,41564.36328125,4359.46,1721.5
2021-09-30,43790.89453125,4307.54,1755.300048828125
2021-10-01,48116.94140625,4357.04,1757.0
2021-10-02,47711.48828125,4357.04,1757.0
2021-10-03,48199.953125,4357.04,1757.0
2021-10-04,49112.90234375,4300.46,1766.199951171875
2021-10-05,51514.8125,4345.72,1759.5999755859375
2021-10-06,55361.44921875,4363.55,1760.5
2021-10-07,53805.984375,4399.76,1757.9000244140625
2021-10-08,53967.84765625,4391.34,1756.300048828125
2021-10-09,54968.22265625,4391.34,1756.300048828125
2021-10-10,54771.578125,4391.34,1756.300048828125
2021-10-11,57484.7890625,4361.19,1754.5999755859375
2021-10-12,56041.05859375,4350.65,1758.300048828125
2021-10-13,57401.09765625,4363.8,1793.699951171875
2021-10-14,57321.5234375,4438.26,1796.699951171875
2021-10-15,61593.94921875,4471.37,1767.199951171875
2021-10-16,60892.1796875,4471.37,1767.199951171875
2021-10-17,61553.6171875,4471.37,1767.199951171875
2021-10-18,62026.078125,4486.46,1764.800048828125
2021-10-19,64261.9921875,4519.63,1769.699951171875
2021-10-20,65992.8359375,4536.19,1784.0999755859375
2021-10-21,62210.171875,4549.78,1781.199951171875
2021-10-22,60692.265625,4544.9,1795.5
2021-10-23,61393.6171875,4544.9,1795.5
2021-10-24,60930.8359375,4544.9,1795.5
2021-10-25,63039.82421875,4566.48,1806.0
2021-10-26,60363.79296875,4574.79,1792.699951171875
2021-10-27,58482.38671875,4551.68,1797.9000244140625
2021-10-28,60622.13671875,4596.42,1801.5999755859373
2021-10-29,62227.96484375,4605.38,1783.0
2021-10-30,61888.83203125,4605.38,1783.0
2021-10-31,61318.95703125,4605.38,1783.0
2021-11-01,61004.40625,4613.67,1795.0999755859375
2021-11-02,63226.40234375,4630.65,1788.699951171875
2021-11-03,62970.046875,4660.57,1763.5999755859375
2021-11-04,61452.23046875,4680.06,1793.0
2021-11-05,61125.67578125,4697.53,1816.4000244140625
2021-11-06,61527.48046875,4697.53,1816.4000244140625
2021-11-07,63326.98828125,4697.53,1816.4000244140625
2021-11-08,67566.828125,4701.7,1827.4000244140625
2021-11-09,66971.828125,4685.25,1830.199951171875
2021-11-10,64995.23046875,4646.71,1847.5999755859373
2021-11-11,64949.9609375,4649.27,1863.199951171875
2021-11-12,64155.94140625,4682.85,1867.9000244140625
2021-11-13,64469.52734375,4682.85,1867.9000244140625
2021-11-14,65466.83984375,4682.85,1867.9000244140625
2021-11-15,63557.87109375,4682.8,1866.0999755859373
2021-11-16,60161.24609375,4700.9,1853.5999755859373
2021-11-17,60368.01171875,4688.67,1869.699951171875
2021-11-18,56942.13671875,4704.54,1861.0
2021-11-19,58119.578125,4697.96,1851.199951171875
2021-11-20,59697.1953125,4697.96,1851.199951171875
2021-11-21,58730.4765625,4697.96,1851.199951171875
2021-11-22,56289.2890625,4682.94,1806.0
2021-11-23,57569.07421875,4690.7,1783.5
2021-11-24,56280.42578125,4701.46,1784.0999755859375
2021-11-25,57274.6796875,4701.46,1784.0999755859375
2021-11-26,53569.765625,4594.62,1785.300048828125
2021-11-27,54815.078125,4594.62,1785.300048828125
2021-11-28,57248.45703125,4594.62,1785.300048828125
2021-11-29,57806.56640625,4655.27,1782.300048828125
2021-11-30,57005.42578125,4567.0,1773.5999755859375
2021-12-01,57229.828125,4513.04,1781.5999755859375
2021-12-02,56477.81640625,4577.1,1760.699951171875
2021-12-03,53598.24609375,4538.43,1782.0
2021-12-04,49200.703125,4538.43,1782.0
2021-12-05,49368.84765625,4538.43,1782.0
2021-12-06,50582.625,4591.67,1777.5
2021-12-07,50700.0859375,4686.75,1782.5999755859375
2021-12-08,50504.796875,4701.21,1783.4000244140625
2021-12-09,47672.12109375,4667.45,1774.5999755859375
2021-12-10,47243.3046875,4712.02,1782.9000244140625
2021-12-11,49362.5078125,4712.02,1782.9000244140625
2021-12-12,50098.3359375,4712.02,1782.9000244140625
2021-12-13,46737.48046875,4668.97,1786.300048828125
2021-12-14,46612.6328125,4634.09,1770.4000244140625
2021-12-15,48896.72265625,4709.85,1762.5999755859375
2021-12-16,47665.42578125,4668.67,1796.5999755859375
2021-12-17,46202.14453125,4620.64,1803.800048828125
2021-12-18,46848.77734375,4620.64,1803.800048828125
2021-12-19,46707.015625,4620.64,1803.800048828125
2021-12-20,46880.27734375,4568.02,1793.699951171875
2021-12-21,48936.61328125,4649.23,1787.9000244140625
2021-12-22,48628.51171875,4696.56,1801.5999755859373
2021-12-23,50784.5390625,4725.79,1811.199951171875
2021-12-24,50822.1953125,4725.79,1811.199951171875
2021-12-25,50429.859375,4725.79,1811.199951171875
2021-12-26,50809.515625,4725.79,1811.199951171875
2021-12-27,50640.41796875,4791.19,1808.0999755859373
2021-12-28,47588.85546875,4786.35,1810.199951171875
2021-12-29,46444.7109375,4793.06,1805.0999755859373
2021-12-30,47178.125,4778.73,1812.699951171875
2021-12-31,46306.4453125,4766.18,1827.5
2022-01-01,47686.8125,4766.18,1827.5
2022-01-02,47345.21875,4766.18,1827.5
2022-01-03,46458.1171875,4796.56,1799.4000244140625
2022-01-04,45897.57421875,4793.54,1814.0
2022-01-05,43569.00390625,4700.58,1824.5999755859373
2022-01-06,43160.9296875,4696.05,1788.699951171875
2022-01-07,41557.90234375,4677.03,1797.0
2022-01-08,41733.94140625,4677.03,1797.0
2022-01-09,41911.6015625,4677.03,1797.0
2022-01-10,41821.26171875,4670.29,1798.4000244140625
2022-01-11,42735.85546875,4713.07,1818.5999755859373
2022-01-12,43949.1015625,4726.35,1827.199951171875
2022-01-13,42591.5703125,4659.03,1821.199951171875
2022-01-14,43099.69921875,4662.85,1816.5
2022-01-15,43177.3984375,4662.85,1816.5
2022-01-16,43113.87890625,4662.85,1816.5
2022-01-17,42250.55078125,4662.85,1816.5
2022-01-18,42375.6328125,4577.11,1812.300048828125
2022-01-19,41744.328125,4532.76,1843.0999755859373
2022-01-20,40680.41796875,4482.73,1842.5
2022-01-21,36457.31640625,4397.94,1831.800048828125
2022-01-22,35030.25,4397.94,1831.800048828125
2022-01-23,36276.8046875,4397.94,1831.800048828125
2022-01-24,36654.328125,4410.13,1841.699951171875
2022-01-25,36954.00390625,4356.45,1852.699951171875
2022-01-26,36852.12109375,4349.93,1829.9000244140625
2022-01-27,37138.234375,4326.51,1793.300048828125
2022-01-28,37784.33203125,4431.85,1784.9000244140625
2022-01-29,38138.1796875,4431.85,1784.9000244140625
2022-01-30,37917.6015625,4431.85,1784.9000244140625
2022-01-31,38483.125,4515.55,1795.0
2022-02-01,38743.2734375,4546.54,1800.300048828125
2022-02-02,36952.984375,4589.38,1809.199951171875
2022-02-03,37154.6015625,4477.44,1803.0
2022-02-04,41500.875,4500.53,1806.5999755859373
2022-02-05,41441.1640625,4500.53,1806.5999755859373
2022-02-06,42412.43359375,4500.53,1806.5999755859373
2022-02-07,43840.28515625,4483.87,1820.5999755859373
2022-02-08,44118.4453125,4521.54,1826.5999755859373
2022-02-09,44338.796875,4587.18,1835.199951171875
2022-02-10,43565.11328125,4504.08,1836.199951171875
2022-02-11,42407.9375,4418.64,1840.800048828125
2022-02-12,42244.46875,4418.64,1840.800048828125
2022-02-13,42197.515625,4418.64,1840.800048828125
2022-02-14,42586.91796875,4401.67,1868.0
2022-02-15,44575.203125,4471.07,1854.800048828125
2022-02-16,43961.859375,4475.01,1870.199951171875
2022-02-17,40538.01171875,4380.26,1900.699951171875
2022-02-18,40030.9765625,4348.87,1898.5999755859373
2022-02-19,40122.15625,4348.87,1898.5999755859373
2022-02-20,38431.37890625,4348.87,1898.5999755859373
2022-02-21,37075.28125,4348.87,1898.5999755859373
2022-02-22,38286.02734375,4304.76,1906.0999755859373
2022-02-23,37296.5703125,4225.5,1909.199951171875
2022-02-24,38332.609375,4288.7,1925.0999755859373
2022-02-25,39214.21875,4384.65,1886.5
2022-02-26,39105.1484375,4384.65,1886.5
2022-02-27,37709.78515625,4384.65,1886.5
2022-02-28,43193.234375,4373.94,1899.4000244140625
2022-03-01,44354.63671875,4306.26,1942.4000244140625
2022-03-02,43924.1171875,4386.54,1920.9000244140625
2022-03-03,42451.7890625,4363.49,1934.4000244140625
2022-03-04,39137.60546875,4328.87,1965.0999755859373
2022-03-05,39400.5859375,4328.87,1965.0999755859373
2022-03-06,38419.984375,4328.87,1965.0999755859373
2022-03-07,38062.0390625,4201.09,1993.9000244140625
2022-03-08,38737.26953125,4170.7,2040.0999755859373
2022-03-09,41982.92578125,4277.88,1985.9000244140625
2022-03-10,39437.4609375,4259.52,1998.0999755859373
2022-03-11,38794.97265625,4204.31,1982.699951171875
2022-03-12,38904.01171875,4204.31,1982.699951171875
2022-03-13,37849.6640625,4204.31,1982.699951171875
2022-03-14,39666.75390625,4173.11,1959.5999755859373
2022-03-15,39338.78515625,4262.45,1928.5
2022-03-16,41143.9296875,4357.86,1908.0
2022-03-17,40951.37890625,4411.67,1942.0999755859373
2022-03-18,41801.15625,4463.12,1928.199951171875
2022-03-19,42190.65234375,4463.12,1928.199951171875
2022-03-20,41247.82421875,4463.12,1928.199951171875
2022-03-21,41077.99609375,4461.18,1928.5999755859373
2022-03-22,42358.80859375,4511.61,1920.699951171875
2022-03-23,42892.95703125,4456.24,1936.5999755859373
2022-03-24,43960.93359375,4520.16,1961.5999755859373
2022-03-25,44348.73046875,4543.06,1953.800048828125
2022-03-26,44500.828125,4543.06,1953.800048828125
2022-03-27,46820.4921875,4543.06,1953.800048828125
2022-03-28,47128.00390625,4575.52,1939.5999755859373
2022-03-29,47465.73046875,4631.6,1912.0
2022-03-30,47062.6640625,4602.45,1933.5
2022-03-31,45538.67578125,4530.41,1949.199951171875
2022-04-01,46281.64453125,4545.86,1919.0999755859373
2022-04-02,45868.94921875,4545.86,1919.0999755859373
2022-04-03,46453.56640625,4545.86,1919.0999755859373
2022-04-04,46622.67578125,4582.64,1929.199951171875
2022-04-05,45555.9921875,4525.12,1922.9000244140625
2022-04-06,43206.73828125,4481.15,1918.4000244140625
2022-04-07,43503.84765625,4500.21,1933.800048828125
2022-04-08,42287.6640625,4488.28,1941.5999755859373
2022-04-09,42782.13671875,4488.28,1941.5999755859373
2022-04-10,42207.671875,4488.28,1941.5999755859373
2022-04-11,39521.90234375,4412.53,1944.300048828125
2022-04-12,40127.18359375,4397.45,1972.0999755859373
2022-04-13,41166.73046875,4446.59,1981.0
2022-04-14,39935.515625,4392.59,1970.9000244140625
2022-04-15,40553.46484375,4392.59,1970.9000244140625
2022-04-16,40424.484375,4392.59,1970.9000244140625
2022-04-17,39716.953125,4392.59,1970.9000244140625
2022-04-18,40826.21484375,4391.69,1982.9000244140625
2022-04-19,41502.75,4462.21,1955.699951171875
2022-04-20,41374.37890625,4459.45,1952.300048828125
2022-04-21,40527.36328125,4393.66,1944.9000244140625
2022-04-22,39740.3203125,4271.78,1931.0
2022-04-23,39486.73046875,4271.78,1931.0
2022-04-24,39469.29296875,4271.78,1931.0
2022-04-25,40458.30859375,4296.12,1893.199951171875
2022-04-26,38117.4609375,4175.2,1901.4000244140625
2022-04-27,39241.12109375,4183.96,1885.9000244140625
2022-04-28,39773.828125,4287.5,1888.699951171875
2022-04-29,38609.82421875,4131.93,1909.300048828125
2022-04-30,37714.875,4131.93,1909.300048828125
2022-05-01,38469.09375,4131.93,1909.300048828125
2022-05-02,38529.328125,4155.38,1861.800048828125
2022-05-03,37750.453125,4175.48,1868.800048828125
2022-05-04,39698.37109375,4300.17,1867.0
2022-05-05,36575.140625,4146.87,1874.0
2022-05-06,36040.921875,4123.34,1881.199951171875
2022-05-07,35501.953125,4123.34,1881.199951171875
2022-05-08,34059.265625,4123.34,1881.199951171875
2022-05-09,30296.953125,3991.24,1857.0999755859373
2022-05-10,31022.90625,4001.05,1839.9000244140625
2022-05-11,28936.35546875,3935.18,1852.5999755859373
2022-05-12,29047.751953125,3930.08,1823.800048828125
2022-05-13,29283.103515625,4023.89,1807.4000244140625
2022-05-14,30101.265625,4023.89,1807.4000244140625
2022-05-15,31305.11328125,4023.89,1807.4000244140625
2022-05-16,29862.91796875,4008.01,1813.5
2022-05-17,30425.857421875,4088.85,1818.199951171875
2022-05-18,28720.271484375,3923.68,1815.9000244140625
2022-05-19,30314.333984375,3900.79,1841.199951171875
2022-05-20,29200.740234375,3901.36,1841.800048828125
2022-05-21,29432.2265625,3901.36,1841.800048828125
2022-05-22,30323.72265625,3901.36,1841.800048828125
2022-05-23,29098.91015625,3973.75,1847.800048828125
2022-05-24,29655.5859375,3941.48,1865.0999755859373
2022-05-25,29562.361328125,3978.73,1846.199951171875
2022-05-26,29267.224609375,4057.84,1847.4000244140625
2022-05-27,28627.57421875,4158.24,1851.300048828125
2022-05-28,28814.900390625,4158.24,1851.300048828125
2022-05-29,29445.95703125,4158.24,1851.300048828125
2022-05-30,31726.390625,4158.24,1851.300048828125
2022-05-31,31792.310546875,4132.15,1842.699951171875
2022-06-01,29799.080078125,4101.23,1843.300048828125
2022-06-02,30467.48828125,4176.82,1866.5
2022-06-03,29704.390625,4108.54,1845.4000244140625
2022-06-04,29832.9140625,4108.54,1845.4000244140625
2022-06-05,29906.662109375,4108.54,1845.4000244140625
2022-06-06,31370.671875,4121.43,1839.199951171875
2022-06-07,31155.478515625,4160.68,1847.5
2022-06-08,30214.35546875,4115.77,1851.9000244140625
2022-06-09,30111.998046875,4017.82,1848.800048828125
2022-06-10,29083.8046875,3900.86,1871.5
2022-06-11,28360.810546875,3900.86,1871.5
2022-06-12,26762.6484375,3900.86,1871.5
2022-06-13,22487.388671875,3749.63,1828.0
2022-06-14,22206.79296875,3735.48,1809.5
2022-06-15,22572.83984375,3789.99,1815.300048828125
2022-06-16,20381.650390625,3666.77,1845.699951171875
2022-06-17,20471.482421875,3674.84,1835.5999755859373
2022-06-18,19017.642578125,3674.84,1835.5999755859373
2022-06-19,20553.271484375,3674.84,1835.5999755859373
2022-06-20,20599.537109375,3674.84,1835.5999755859373
2022-06-21,20710.59765625,3764.79,1834.5999755859373
2022-06-22,19987.029296875,3759.89,1834.300048828125
2022-06-23,21085.876953125,3795.73,1825.699951171875
2022-06-24,21231.65625,3911.74,1826.5
2022-06-25,21502.337890625,3911.74,1826.5
2022-06-26,21027.294921875,3911.74,1826.5
2022-06-27,20735.478515625,3900.11,1820.9000244140625
2022-06-28,20280.634765625,3821.55,1817.5
2022-06-29,20104.0234375,3818.83,1813.699951171875
2022-06-30,19784.7265625,3785.38,1804.0999755859373
2022-07-01,19269.3671875,3825.33,1798.9000244140625
2022-07-02,19242.255859375,3825.33,1798.9000244140625
2022-07-03,19297.076171875,3825.33,1798.9000244140625
2022-07-04,20231.26171875,3825.33,1798.9000244140625
2022-07-05,20190.115234375,3831.39,1761.800048828125
2022-07-06,20548.24609375,3845.08,1734.9000244140625
2022-07-07,21637.587890625,3902.62,1737.9000244140625
2022-07-08,21731.1171875,3899.38,1740.5999755859375
2022-07-09,21592.20703125,3899.38,1740.5999755859375
2022-07-10,20860.44921875,3899.38,1740.5999755859375
2022-07-11,19970.556640625,3854.43,1730.0
2022-07-12,19323.9140625,3818.8,1723.300048828125
2022-07-13,20212.07421875,3801.78,1734.199951171875
2022-07-14,20569.919921875,3790.38,1704.5
2022-07-15,20836.328125,3863.16,1702.4000244140625
2022-07-16,21190.31640625,3863.16,1702.4000244140625
2022-07-17,20779.34375,3863.16,1702.4000244140625
2022-07-18,22485.689453125,3830.85,1709.199951171875
2022-07-19,23389.43359375,3936.69,1710.0
2022-07-20,23231.732421875,3959.9,1699.5
2022-07-21,23164.62890625,3998.95,1712.699951171875
2022-07-22,22714.978515625,3961.63,1727.0999755859375
2022-07-23,22465.478515625,3961.63,1727.0999755859375
2022-07-24,22609.1640625,3961.63,1727.0999755859375
2022-07-25,21361.701171875,3966.84,1719.0
2022-07-26,21239.75390625,3921.05,1717.699951171875
2022-07-27,22930.548828125,4023.61,1719.0999755859375
2022-07-28,23843.88671875,4072.43,1750.300048828125
2022-07-29,23804.6328125,4130.29,1762.9000244140625
2022-07-30,23656.20703125,4130.29,1762.9000244140625
2022-07-31,23336.896484375,4130.29,1762.9000244140625
2022-08-01,23314.19921875,4118.63,1769.0
2022-08-02,22978.1171875,4091.19,1771.0999755859375
2022-08-03,22846.5078125,4155.17,1758.0
2022-08-04,22630.95703125,4151.94,1788.5
2022-08-05,23289.314453125,4145.19,1772.9000244140625
2022-08-06,22961.279296875,4145.19,1772.9000244140625
2022-08-07,23175.890625,4145.19,1772.9000244140625
2022-08-08,23809.486328125,4140.06,1786.800048828125
2022-08-09,23164.318359375,4122.47,1794.0
2022-08-10,23947.642578125,4210.24,1795.5999755859375
2022-08-11,23957.529296875,4207.27,1789.699951171875
2022-08-12,24402.818359375,4280.15,1798.5999755859375
2022-08-13,24424.068359375,4280.15,1798.5999755859375
2022-08-14,24319.333984375,4280.15,1798.5999755859375
2022-08-15,24136.97265625,4297.14,1781.4000244140625
2022-08-16,23883.291015625,4305.2,1773.199951171875
2022-08-17,23335.998046875,4274.04,1760.300048828125
2022-08-18,23212.73828125,4283.74,1755.300048828125
2022-08-19,20877.552734375,4228.48,1747.5999755859375
2022-08-20,21166.060546875,4228.48,1747.5999755859375
2022-08-21,21534.12109375,4228.48,1747.5999755859375
2022-08-22,21398.908203125,4137.99,1734.0
2022-08-23,21528.087890625,4128.73,1746.800048828125
2022-08-24,21395.01953125,4140.77,1747.800048828125
2022-08-25,21600.904296875,4199.12,1757.699951171875
2022-08-26,20260.01953125,4057.66,1736.0999755859375
2022-08-27,20041.73828125,4057.66,1736.0999755859375
2022-08-28,19616.814453125,4057.66,1736.0999755859375
2022-08-29,20297.994140625,4030.61,1736.5999755859375
2022-08-30,19796.80859375,3986.16,1723.199951171875
2022-08-31,20049.763671875,3955.0,1712.800048828125
2022-09-01,20127.140625,3966.85,1696.5999755859375
2022-09-02,19969.771484375,3924.26,1709.800048828125
2022-09-03,19832.087890625,3924.26,1709.800048828125
2022-09-04,19986.712890625,3924.26,1709.800048828125
2022-09-05,19812.37109375,3924.26,1709.800048828125
2022-09-06,18837.66796875,3908.19,1700.4000244140625
2022-09-07,19290.32421875,3979.87,1715.300048828125
2022-09-08,19329.833984375,4006.18,1708.0
2022-09-09,21381.15234375,4067.36,1716.199951171875
2022-09-10,21680.5390625,4067.36,1716.199951171875
2022-09-11,21769.255859375,4067.36,1716.199951171875
2022-09-12,22370.44921875,4110.41,1728.0999755859375
2022-09-13,20296.70703125,3932.69,1705.0
2022-09-14,20241.08984375,3946.01,1696.5
2022-09-15,19701.2109375,3901.35,1665.4000244140625
2022-09-16,19772.583984375,3873.33,1671.699951171875
2022-09-17,20127.576171875,3873.33,1671.699951171875
2022-09-18,19419.505859375,3873.33,1671.699951171875
2022-09-19,19544.12890625,3899.89,1666.199951171875
2022-09-20,18890.7890625,3855.93,1659.699951171875
2022-09-21,18547.400390625,3789.93,1664.5999755859375
2022-09-22,19413.55078125,3757.99,1670.800048828125
2022-09-23,19297.638671875,3693.23,1645.300048828125
2022-09-24,18937.01171875,3693.23,1645.300048828125
2022-09-25,18802.09765625,3693.23,1645.300048828125
2022-09-26,19222.671875,3655.04,1623.300048828125
2022-09-27,19110.546875,3647.29,1626.699951171875
2022-09-28,19426.720703125,3719.04,1660.4000244140625
2022-09-29,19573.05078125,3640.47,1658.5
2022-09-30,19431.7890625,3585.62,1662.4000244140625
2022-10-01,19312.095703125,3585.62,1662.4000244140625
2022-10-02,19044.107421875,3585.62,1662.4000244140625
2022-10-03,19623.580078125,3678.43,1692.9000244140625
2022-10-04,20336.84375,3790.93,1721.0999755859375
2022-10-05,20160.716796875,3783.28,1711.4000244140625
2022-10-06,19955.443359375,3744.52,1711.699951171875
2022-10-07,19546.849609375,3639.66,1700.5
2022-10-08,19416.568359375,3639.66,1700.5
2022-10-09,19446.42578125,3639.66,1700.5
2022-10-10,19141.484375,3612.39,1667.300048828125
2022-10-11,19051.41796875,3588.84,1678.699951171875
2022-10-12,19157.4453125,3577.03,1670.300048828125
2022-10-13,19382.904296875,3669.91,1670.0
2022-10-14,19185.65625,3583.07,1641.699951171875
2022-10-15,19067.634765625,3583.07,1641.699951171875
2022-10-16,19268.09375,3583.07,1641.699951171875
2022-10-17,19550.7578125,3677.95,1657.0
2022-10-18,19334.416015625,3719.98,1649.0
2022-10-19,19139.53515625,3695.16,1627.5
2022-10-20,19053.740234375,3665.78,1630.800048828125
2022-10-21,19172.46875,3752.75,1651.0
2022-10-22,19208.189453125,3752.75,1651.0
2022-10-23,19567.0078125,3752.75,1651.0
2022-10-24,19345.572265625,3797.34,1648.699951171875
2022-10-25,20095.857421875,3859.11,1652.800048828125
2022-10-26,20770.44140625,3830.6,1664.0
2022-10-27,20285.8359375,3807.3,1660.699951171875
2022-10-28,20595.3515625,3901.06,1639.5999755859375
2022-10-29,20818.4765625,3901.06,1639.5999755859375
2022-10-30,20635.603515625,3901.06,1639.5999755859375
2022-10-31,20495.7734375,3871.98,1635.9000244140625
2022-11-01,20485.2734375,3856.1,1645.0
2022-11-02,20159.50390625,3759.69,1645.699951171875
2022-11-03,20209.98828125,3719.89,1627.300048828125
2022-11-04,21147.23046875,3770.55,1672.5
2022-11-05,21282.69140625,3770.55,1672.5
2022-11-06,20926.486328125,3770.55,1672.5
2022-11-07,20602.81640625,3806.8,1676.5
2022-11-08,18541.271484375,3828.11,1712.0999755859375
2022-11-09,15880.7802734375,3748.57,1710.0999755859375
2022-11-10,17586.771484375,3956.37,1750.300048828125
2022-11-11,17034.29296875,3992.93,1766.0
2022-11-12,16799.185546875,3992.93,1766.0
2022-11-13,16353.365234375,3992.93,1766.0
2022-11-14,16618.19921875,3957.25,1773.5999755859375
2022-11-15,16884.61328125,3991.73,1773.800048828125
2022-11-16,16669.439453125,3958.79,1773.0
2022-11-17,16687.517578125,3946.56,1760.800048828125
2022-11-18,16697.77734375,3965.34,1751.9000244140625
2022-11-19,16711.546875,3965.34,1751.9000244140625
2022-11-20,16291.83203125,3965.34,1751.9000244140625
2022-11-21,15787.2841796875,3949.94,1737.4000244140625
2022-11-22,16189.76953125,4003.58,1738.300048828125
2022-11-23,16610.70703125,4027.26,1744.9000244140625
2022-11-24,16604.46484375,4027.26,1744.9000244140625
2022-11-25,16521.841796875,4026.12,1753.300048828125
2022-11-26,16464.28125,4026.12,1753.300048828125
2022-11-27,16444.626953125,4026.12,1753.300048828125
2022-11-28,16217.322265625,3963.94,1740.0999755859375
2022-11-29,16444.982421875,3957.63,1748.4000244140625
2022-11-30,17168.56640625,4080.11,1746.0
2022-12-01,16967.1328125,4076.57,1801.0999755859375
2022-12-02,17088.66015625,4071.7,1795.9000244140625
2022-12-03,16908.236328125,4071.7,1795.9000244140625
2022-12-04,17130.486328125,4071.7,1795.9000244140625
2022-12-05,16974.826171875,3998.84,1767.4000244140625
2022-12-06,17089.50390625,3941.26,1769.300048828125
2022-12-07,16848.126953125,3933.92,1785.5
2022-12-08,17233.474609375,3963.51,1788.699951171875
2022-12-09,17133.15234375,3934.38,1798.0999755859375
2022-12-10,17128.724609375,3934.38,1798.0999755859375
2022-12-11,17104.193359375,3934.38,1798.0999755859375
2022-12-12,17206.4375,3990.56,1780.5
2022-12-13,17781.318359375,4019.65,1813.9000244140625
2022-12-14,17815.650390625,3995.32,1807.5
2022-12-15,17364.865234375,3895.75,1777.199951171875
2022-12-16,16647.484375,3852.36,1790.0
2022-12-17,16795.091796875,3852.36,1790.0
2022-12-18,16757.9765625,3852.36,1790.0
2022-12-19,16439.6796875,3817.66,1787.699951171875
2022-12-20,16906.3046875,3821.62,1815.9000244140625
2022-12-21,16817.53515625,3878.44,1815.9000244140625
2022-12-22,16830.341796875,3822.39,1787.0
2022-12-23,16796.953125,3844.82,1795.9000244140625
2022-12-24,16847.755859375,3844.82,1795.9000244140625
2022-12-25,16841.986328125,3844.82,1795.9000244140625
2022-12-26,16919.8046875,3844.82,1795.9000244140625
2022-12-27,16717.173828125,3829.25,1814.800048828125
2022-12-28,16552.572265625,3783.22,1807.9000244140625
2022-12-29,16642.341796875,3849.28,1819.5
2022-12-30,16602.5859375,3839.5,1819.699951171875
2022-12-31,16547.49609375,3839.5,1819.699951171875
2023-01-01,16625.080078125,3839.5,1819.699951171875
2023-01-02,16688.470703125,3839.5,1819.699951171875
2023-01-03,16679.857421875,3824.14,1839.699951171875
2023-01-04,16863.23828125,3852.97,1852.800048828125
2023-01-05,16836.736328125,3808.1,1834.800048828125
2023-01-06,16951.96875,3895.08,1864.199951171875
2023-01-07,16955.078125,3895.08,1864.199951171875
2023-01-08,17091.14453125,3895.08,1864.199951171875
2023-01-09,17196.5546875,3892.09,1872.699951171875
2023-01-10,17446.29296875,3919.25,1871.5999755859373
2023-01-11,17934.896484375,3969.61,1874.5999755859373
2023-01-12,18869.587890625,3983.17,1895.5
2023-01-13,19909.57421875,3999.09,1918.4000244140625
2023-01-14,20976.298828125,3999.09,1918.4000244140625
2023-01-15,20880.798828125,3999.09,1918.4000244140625
2023-01-16,21169.6328125,3999.09,1918.4000244140625
2023-01-17,21161.51953125,3990.97,1907.199951171875
2023-01-18,20688.78125,3928.86,1904.4000244140625
2023-01-19,21086.79296875,3898.85,1922.0999755859373
2023-01-20,22676.552734375,3972.61,1926.4000244140625
2023-01-21,22777.625,3972.61,1926.4000244140625
2023-01-22,22720.416015625,3972.61,1926.4000244140625
2023-01-23,22934.431640625,4019.81,1927.0999755859373
2023-01-24,22636.46875,4016.95,1933.9000244140625
2023-01-25,23117.859375,4016.22,1941.199951171875
2023-01-26,23032.77734375,4060.43,1929.0999755859373
2023-01-27,23078.728515625,4070.56,1928.5999755859373
2023-01-28,23031.08984375,4070.56,1928.5999755859373
2023-01-29,23774.56640625,4070.56,1928.5999755859373
2023-01-30,22840.138671875,4017.77,1922.9000244140625
2023-01-31,23139.283203125,4076.6,1929.5
2023-02-01,23723.76953125,4119.21,1927.800048828125
2023-02-02,23471.87109375,4179.76,1916.300048828125
2023-02-03,23449.322265625,4136.48,1862.9000244140625
2023-02-04,23331.84765625,4136.48,1862.9000244140625
2023-02-05,22955.666015625,4136.48,1862.9000244140625
2023-02-06,22760.109375,4111.08,1866.199951171875
2023-02-07,23264.291015625,4164.0,1871.699951171875
2023-02-08,22939.3984375,4117.86,1877.4000244140625
2023-02-09,21819.0390625,4081.5,1866.199951171875
2023-02-10,21651.18359375,4090.46,1862.800048828125
2023-02-11,21870.875,4090.46,1862.800048828125
2023-02-12,21788.203125,4090.46,1862.800048828125
2023-02-13,21808.1015625,4137.29,1851.9000244140625
2023-02-14,22220.8046875,4136.13,1854.0
2023-02-15,24307.841796875,4147.6,1834.199951171875
2023-02-16,23623.474609375,4090.41,1842.0
2023-02-17,24565.6015625,4079.09,1840.4000244140625
2023-02-18,24641.27734375,4079.09,1840.4000244140625
2023-02-19,24327.642578125,4079.09,1840.4000244140625
2023-02-20,24829.1484375,4079.09,1840.4000244140625
2023-02-21,24436.353515625,3997.34,1833.0
2023-02-22,24188.84375,3991.05,1832.0
2023-02-23,23947.4921875,4012.32,1818.0
2023-02-24,23198.126953125,3970.04,1808.800048828125
2023-02-25,23175.375,3970.04,1808.800048828125
2023-02-26,23561.212890625,3970.04,1808.800048828125
2023-02-27,23522.87109375,3982.24,1817.0
2023-02-28,23147.353515625,3970.15,1828.9000244140625
2023-03-01,23646.55078125,3951.39,1837.699951171875
2023-03-02,23475.466796875,3981.35,1833.5
2023-03-03,22362.6796875,4045.64,1847.699951171875
2023-03-04,22353.349609375,4045.64,1847.699951171875
2023-03-05,22435.513671875,4045.64,1847.699951171875
2023-03-06,22429.7578125,4048.42,1847.9000244140625
2023-03-07,22219.76953125,3986.37,1813.9000244140625
2023-03-08,21718.080078125,3992.01,1812.699951171875
2023-03-09,20363.021484375,3918.32,1829.300048828125
2023-03-10,20187.244140625,3861.59,1862.0
2023-03-11,20632.41015625,3861.59,1862.0
2023-03-12,22163.94921875,3861.59,1862.0
2023-03-13,24197.533203125,3855.76,1911.699951171875
2023-03-14,24746.07421875,3919.29,1906.199951171875
2023-03-15,24375.9609375,3891.93,1926.5999755859373
2023-03-16,25052.7890625,3960.28,1919.0
2023-03-17,27423.9296875,3916.64,1969.800048828125
2023-03-18,26965.87890625,3916.64,1969.800048828125
2023-03-19,28038.67578125,3916.64,1969.800048828125
2023-03-20,27767.236328125,3951.57,1979.199951171875
2023-03-21,28175.81640625,4002.87,1938.0
2023-03-22,27307.4375,3936.97,1946.800048828125
2023-03-23,28333.97265625,3948.72,1993.800048828125
2023-03-24,27493.28515625,3970.99,1982.0999755859373
2023-03-25,27494.70703125,3970.99,1982.0999755859373
2023-03-26,27994.330078125,3970.99,1982.0999755859373
2023-03-27,27139.888671875,3977.53,1952.4000244140625
2023-03-28,27268.130859375,3971.27,1972.4000244140625
2023-03-29,28348.44140625,4027.81,1966.0999755859373
2023-03-30,28033.5625,4050.83,1980.300048828125
2023-03-31,28478.484375,4109.31,1969.0
2023-04-01,28411.03515625,4109.31,1969.0
2023-04-02,28199.30859375,4109.31,1969.0
2023-04-03,27790.220703125,4124.51,1983.9000244140625
2023-04-04,28168.08984375,4100.6,2022.199951171875
2023-04-05,28177.984375,4090.38,2020.9000244140625
2023-04-06,28044.140625,4105.02,2011.9000244140625
2023-04-07,27925.859375,4105.02,2011.9000244140625
2023-04-08,27947.794921875,4105.02,2011.9000244140625
2023-04-09,28333.05078125,4105.02,2011.9000244140625
2023-04-10,29652.98046875,4109.11,1989.0999755859373
2023-04-11,30235.05859375,4108.94,2004.800048828125
2023-04-12,30139.052734375,4091.95,2010.9000244140625
2023-04-13,30399.06640625,4146.22,2041.300048828125
2023-04-14,30485.69921875,4137.64,2002.199951171875
2023-04-15,30318.49609375,4137.64,2002.199951171875
2023-04-16,30315.35546875,4137.64,2002.199951171875
2023-04-17,29445.044921875,4151.32,1994.199951171875
2023-04-18,30397.552734375,4154.87,2007.4000244140625
2023-04-19,28822.6796875,4154.52,1995.199951171875
2023-04-20,28245.98828125,4129.79,2007.5999755859373
2023-04-21,27276.91015625,4133.52,1979.5
2023-04-22,27817.5,4133.52,1979.5
2023-04-23,27591.384765625,4133.52,1979.5
2023-04-24,27525.33984375,4137.04,1989.0999755859373
2023-04-25,28307.59765625,4071.63,1994.0
2023-04-26,28422.701171875,4055.99,1985.699951171875
2023-04-27,29473.787109375,4135.35,1989.9000244140625
2023-04-28,29340.26171875,4169.48,1990.0999755859373
2023-04-29,29248.48828125,4169.48,1990.0999755859373
2023-04-30,29268.806640625,4169.48,1990.0999755859373
2023-05-01,28091.568359375,4167.87,1983.4000244140625
2023-05-02,28680.537109375,4119.58,2014.300048828125
2023-05-03,29006.30859375,4090.75,2028.5999755859373
2023-05-04,28847.7109375,4061.22,2048.0
2023-05-05,29534.384765625,4136.25,2017.4000244140625
2023-05-06,28904.623046875,4136.25,2017.4000244140625
2023-05-07,28454.978515625,4136.25,2017.4000244140625
2023-05-08,27694.2734375,4138.12,2026.300048828125
2023-05-09,27658.775390625,4119.17,2036.199951171875
2023-05-10,27621.755859375,4137.64,2030.5
2023-05-11,27000.7890625,4130.62,2014.699951171875
2023-05-12,26804.990234375,4124.08,2014.5
2023-05-13,26784.078125,4124.08,2014.5
2023-05-14,26930.638671875,4124.08,2014.5
2023-05-15,27192.693359375,4136.28,2018.0
2023-05-16,27036.650390625,4109.9,1988.4000244140625
2023-05-17,27398.802734375,4158.77,1980.699951171875
2023-05-18,26832.208984375,4198.05,1956.5
2023-05-19,26890.12890625,4191.98,1978.699951171875
2023-05-20,27129.5859375,4191.98,1978.699951171875
2023-05-21,26753.826171875,4191.98,1978.699951171875
2023-05-22,26851.27734375,4192.63,1974.800048828125
2023-05-23,27225.7265625,4145.58,1972.4000244140625
2023-05-24,26334.818359375,4115.24,1962.800048828125
2023-05-25,26476.20703125,4151.28,1943.0999755859373
2023-05-26,26719.291015625,4205.45,1944.0999755859373
2023-05-27,26868.353515625,4205.45,1944.0999755859373
2023-05-28,28085.646484375,4205.45,1944.0999755859373
2023-05-29,27745.884765625,4205.45,1944.0999755859373
2023-05-30,27702.349609375,4205.52,1958.0
2023-05-31,27219.658203125,4179.83,1963.9000244140625
2023-06-01,26819.97265625,4221.02,1978.0
2023-06-02,27249.58984375,4282.37,1952.4000244140625
2023-06-03,27075.12890625,4282.37,1952.4000244140625
2023-06-04,27119.06640625,4282.37,1952.4000244140625
2023-06-05,25760.09765625,4273.79,1958.0
2023-06-06,27238.783203125,4283.85,1965.5
2023-06-07,26345.998046875,4267.52,1942.699951171875
2023-06-08,26508.216796875,4293.93,1963.5999755859373
2023-06-09,26480.375,4298.86,1962.199951171875
2023-06-10,25851.240234375,4298.86,1962.199951171875
2023-06-11,25940.16796875,4298.86,1962.199951171875
2023-06-12,25902.5,4338.93,1955.300048828125
2023-06-13,25918.728515625,4369.01,1944.5999755859373
2023-06-14,25124.67578125,4372.59,1955.300048828125
2023-06-15,25576.39453125,4425.84,1957.800048828125
2023-06-16,26327.462890625,4409.59,1958.4000244140625
2023-06-17,26510.67578125,4409.59,1958.4000244140625
2023-06-18,26336.212890625,4409.59,1958.4000244140625
2023-06-19,26851.029296875,4409.59,1958.4000244140625
2023-06-20,28327.48828125,4388.71,1935.5
2023-06-21,30027.296875,4365.69,1933.300048828125
2023-06-22,29912.28125,4381.89,1912.699951171875
2023-06-23,30695.46875,4348.33,1919.0999755859373
2023-06-24,30548.6953125,4348.33,1919.0999755859373
2023-06-25,30480.26171875,4348.33,1919.0999755859373
2023-06-26,30271.130859375,4328.82,1923.699951171875
2023-06-27,30688.1640625,4378.41,1914.0
2023-06-28,30086.24609375,4376.86,1912.300048828125
2023-06-29,30445.3515625,4396.44,1909.199951171875
2023-06-30,30477.251953125,4450.38,1921.0999755859373
2023-07-01,30590.078125,4450.38,1921.0999755859373
2023-07-02,30620.76953125,4450.38,1921.0999755859373
2023-07-03,31156.439453125,4455.59,1921.699951171875
2023-07-04,30777.58203125,4455.59,1921.699951171875
2023-07-05,30514.166015625,4446.82,1919.5999755859373
2023-07-06,29909.337890625,4411.59,1908.699951171875
2023-07-07,30342.265625,4398.95,1926.199951171875
2023-07-08,30292.541015625,4398.95,1926.199951171875
2023-07-09,30171.234375,4398.95,1926.199951171875
2023-07-10,30414.470703125,4409.53,1925.0
2023-07-11,30620.951171875,4439.26,1931.300048828125
2023-07-12,30391.646484375,4472.16,1956.199951171875
2023-07-13,31476.048828125,4510.04,1959.199951171875
2023-07-14,30334.068359375,4505.42,1960.0999755859373
2023-07-15,30295.806640625,4505.42,1960.0999755859373
2023-07-16,30249.1328125,4505.42,1960.0999755859373
2023-07-17,30145.888671875,4522.79,1952.4000244140625
2023-07-18,29856.5625,4554.98,1977.199951171875
2023-07-19,29913.923828125,4565.72,1977.5
2023-07-20,29792.015625,4534.87,1968.300048828125
2023-07-21,29908.744140625,4536.34,1964.300048828125
2023-07-22,29771.802734375,4536.34,1964.300048828125
2023-07-23,30084.5390625,4536.34,1964.300048828125
2023-07-24,29176.916015625,4554.64,1960.300048828125
2023-07-25,29227.390625,4567.46,1962.0999755859373
2023-07-26,29354.97265625,4566.75,1968.9000244140625
2023-07-27,29210.689453125,4537.41,1945.4000244140625
2023-07-28,29319.24609375,4582.23,1960.4000244140625
2023-07-29,29356.91796875,4582.23,1960.4000244140625
2023-07-30,29275.30859375,4582.23,1960.4000244140625
2023-07-31,29230.111328125,4588.96,1970.5
2023-08-01,29675.732421875,4576.73,1940.699951171875
2023-08-02,29151.958984375,4513.39,1937.4000244140625
2023-08-03,29178.6796875,4501.89,1932.0
2023-08-04,29074.091796875,4478.03,1939.5999755859373
2023-08-05,29042.126953125,4478.03,1939.5999755859373
2023-08-06,29041.85546875,4478.03,1939.5999755859373
2023-08-07,29180.578125,4518.44,1933.5
2023-08-08,29765.4921875,4499.38,1924.0999755859373
2023-08-09,29561.494140625,4467.71,1915.4000244140625
2023-08-10,29429.591796875,4468.83,1914.4000244140625
2023-08-11,29397.71484375,4464.05,1912.9000244140625
2023-08-12,29415.96484375,4464.05,1912.9000244140625
2023-08-13,29282.9140625,4464.05,1912.9000244140625
2023-08-14,29408.443359375,4489.72,1910.5999755859373
2023-08-15,29170.34765625,4437.86,1902.5
2023-08-16,28701.779296875,4404.33,1896.0999755859373
2023-08-17,26664.55078125,4370.36,1884.0999755859373
2023-08-18,26049.556640625,4369.71,1886.0999755859373
2023-08-19,26096.205078125,4369.71,1886.0999755859373
2023-08-20,26189.583984375,4369.71,1886.0999755859373
2023-08-21,26124.140625,4399.77,1893.300048828125
2023-08-22,26031.65625,4387.55,1896.4000244140625
2023-08-23,26431.640625,4436.01,1918.5
2023-08-24,26162.373046875,4376.31,1918.199951171875
2023-08-25,26047.66796875,4405.71,1911.0999755859373
2023-08-26,26008.462890625,4405.71,1911.0999755859373
2023-08-27,26089.693359375,4405.71,1911.0999755859373
2023-08-28,26106.150390625,4433.31,1917.9000244140625
2023-08-29,27727.392578125,4497.63,1936.5
2023-08-30,27297.265625,4514.87,1944.300048828125
2023-08-31,25931.47265625,4507.66,1938.199951171875
2023-09-01,25800.724609375,4515.77,1939.800048828125
2023-09-02,25868.798828125,4515.77,1939.800048828125
2023-09-03,25969.56640625,4515.77,1939.800048828125
2023-09-04,25812.416015625,4515.77,1939.800048828125
2023-09-05,25779.982421875,4496.83,1926.199951171875
2023-09-06,25753.236328125,4465.48,1918.0999755859373
2023-09-07,26240.1953125,4451.14,1917.5
2023-09-08,25905.654296875,4457.49,1918.4000244140625
2023-09-09,25895.677734375,4457.49,1918.4000244140625
2023-09-10,25832.2265625,4457.49,1918.4000244140625
2023-09-11,25162.654296875,4487.46,1923.300048828125
2023-09-12,25833.34375,4461.9,1911.300048828125
2023-09-13,26228.32421875,4467.44,1909.0999755859373
2023-09-14,26539.673828125,4505.1,1910.0
2023-09-15,26608.693359375,4450.32,1923.699951171875
2023-09-16,26568.28125,4450.32,1923.699951171875
2023-09-17,26534.1875,4450.32,1923.699951171875
2023-09-18,26754.28125,4453.53,1931.5
2023-09-19,27211.1171875,4443.95,1932.0
2023-09-20,27132.0078125,4402.2,1945.5999755859373
2023-09-21,26567.6328125,4330.0,1919.199951171875
2023-09-22,26579.568359375,4320.06,1925.4000244140625
2023-09-23,26579.390625,4320.06,1925.4000244140625
2023-09-24,26256.826171875,4320.06,1925.4000244140625
2023-09-25,26298.48046875,4337.44,1916.5999755859373
2023-09-26,26217.25,4273.53,1900.4000244140625
2023-09-27,26352.716796875,4274.51,1871.5999755859373
2023-09-28,27021.546875,4299.7,1860.4000244140625
2023-09-29,26911.720703125,4288.05,1848.0999755859373
2023-09-30,26967.916015625,4288.05,1848.0999755859373
2023-10-01,27983.75,4288.05,1848.0999755859373
2023-10-02,27530.78515625,4288.39,1830.0
2023-10-03,27429.978515625,4229.45,1824.5999755859373
2023-10-04,27799.39453125,4263.75,1818.5
2023-10-05,27415.912109375,4258.19,1816.5999755859373
2023-10-06,27946.59765625,4308.5,1830.199951171875
2023-10-07,27968.83984375,4308.5,1830.199951171875
2023-10-08,27935.08984375,4308.5,1830.199951171875
2023-10-09,27583.677734375,4335.66,1849.5
2023-10-10,27391.01953125,4358.24,1861.0
2023-10-11,26873.3203125,4376.95,1872.800048828125
2023-10-12,26756.798828125,4349.61,1869.300048828125
2023-10-13,26862.375,4327.78,1927.4000244140625
2023-10-14,26861.70703125,4327.78,1927.4000244140625
2023-10-15,27159.65234375,4327.78,1927.4000244140625
2023-10-16,28519.466796875,4373.63,1921.0999755859373
2023-10-17,28415.748046875,4373.2,1922.699951171875
2023-10-18,28328.341796875,4314.6,1955.300048828125
2023-10-19,28719.806640625,4278.0,1968.4000244140625
2023-10-20,29682.94921875,4224.16,1982.5
2023-10-21,29918.412109375,4224.16,1982.5
2023-10-22,29993.896484375,4224.16,1982.5
2023-10-23,33086.234375,4217.04,1976.300048828125
2023-10-24,33901.52734375,4247.68,1975.0
2023-10-25,34502.8203125,4186.77,1984.0999755859373
2023-10-26,34156.6484375,4137.23,1987.199951171875
2023-10-27,33909.80078125,4117.37,1988.5999755859373
2023-10-28,34089.57421875,4117.37,1988.5999755859373
2023-10-29,34538.48046875,4117.37,1988.5999755859373
2023-10-30,34502.36328125,4166.82,1996.199951171875
2023-10-31,34667.78125,4193.8,1985.199951171875
2023-11-01,35437.25390625,4237.86,1978.800048828125
2023-11-02,34938.2421875,4317.78,1985.5999755859373
2023-11-03,34732.32421875,4358.34,1991.5
2023-11-04,35082.1953125,4358.34,1991.5
2023-11-05,35049.35546875,4358.34,1991.5
2023-11-06,35037.37109375,4365.98,1981.5999755859373
2023-11-07,35443.5625,4378.38,1966.800048828125
2023-11-08,35655.27734375,4382.78,1951.5
2023-11-09,36693.125,4347.35,1964.199951171875
2023-11-10,37313.96875,4415.24,1932.5999755859373
2023-11-11,37138.05078125,4415.24,1932.5999755859373
2023-11-12,37054.51953125,4415.24,1932.5999755859373
2023-11-13,36502.35546875,4411.55,1945.5
2023-11-14,35537.640625,4495.7,1961.800048828125
2023-11-15,37880.58203125,4502.88,1960.0999755859373
2023-11-16,36154.76953125,4508.24,1983.9000244140625
2023-11-17,36596.68359375,4514.02,1981.5999755859373
2023-11-18,36585.703125,4514.02,1981.5999755859373
2023-11-19,37386.546875,4514.02,1981.5999755859373
2023-11-20,37476.95703125,4547.38,1977.699951171875
2023-11-21,35813.8125,4538.19,1999.300048828125
2023-11-22,37432.33984375,4556.62,1991.4000244140625
2023-11-23,37289.62109375,4556.62,1991.4000244140625
2023-11-24,37720.28125,4559.34,2002.199951171875
2023-11-25,37796.79296875,4559.34,2002.199951171875
2023-11-26,37479.12109375,4559.34,2002.199951171875
2023-11-27,37254.16796875,4550.43,2011.800048828125
2023-11-28,37831.0859375,4554.89,2039.699951171875
2023-11-29,37858.4921875,4550.58,2047.0999755859373
2023-11-30,37712.74609375,4567.8,2038.0999755859373
2023-12-01,38688.75,4594.63,2071.0
2023-12-02,39476.33203125,4594.63,2071.0
2023-12-03,39978.390625,4594.63,2071.0
2023-12-04,41980.09765625,4569.78,2024.0999755859373
2023-12-05,44080.6484375,4567.18,2018.5
2023-12-06,43746.4453125,4549.34,2030.5
2023-12-07,43292.6640625,4585.59,2029.9000244140625
2023-12-08,44166.6015625,4604.37,1998.300048828125
2023-12-09,43725.984375,4604.37,1998.300048828125
2023-12-10,43779.69921875,4604.37,1998.300048828125
2023-12-11,41243.83203125,4622.44,1978.0
2023-12-12,41450.22265625,4643.7,1977.800048828125
2023-12-13,42890.7421875,4707.09,1982.300048828125
2023-12-14,43023.97265625,4719.55,2030.199951171875
2023-12-15,41929.7578125,4719.19,2021.0999755859373
2023-12-16,42240.1171875,4719.19,2021.0999755859373
2023-12-17,41364.6640625,4719.19,2021.0999755859373
2023-12-18,42623.5390625,4740.56,2026.300048828125
2023-12-19,42270.52734375,4768.37,2038.4000244140625
2023-12-20,43652.25,4698.35,2034.5
2023-12-21,43869.15234375,4746.75,2039.0999755859373
2023-12-22,43997.90234375,4754.63,2057.10009765625
2023-12-23,43739.54296875,4754.63,2057.10009765625
2023-12-24,43016.1171875,4754.63,2057.10009765625
2023-12-25,43613.140625,4754.63,2057.10009765625
2023-12-26,42520.40234375,4774.75,2058.199951171875
2023-12-27,43442.85546875,4781.58,2081.89990234375
2023-12-28,42627.85546875,4783.35,2073.89990234375
2023-12-29,42099.40234375,4769.83,2062.39990234375
2023-12-30,42156.90234375,4769.83,2062.39990234375
2023-12-31,42265.1875,4769.83,2062.39990234375
2024-01-01,44167.33203125,4769.83,2062.39990234375
2024-01-02,44957.96875,4742.83,2064.39990234375
2024-01-03,42848.17578125,4704.81,2034.199951171875
2024-01-04,44179.921875,4688.68,2042.300048828125
2024-01-05,44162.69140625,4697.24,2042.4000244140625
2024-01-06,43989.1953125,4697.24,2042.4000244140625
2024-01-07,43943.09765625,4697.24,2042.4000244140625
2024-01-08,46970.50390625,4763.54,2026.5999755859373
2024-01-09,46139.73046875,4756.5,2026.4000244140625
2024-01-10,46627.77734375,4783.45,2021.699951171875
2024-01-11,46368.5859375,4780.24,2014.300048828125
2024-01-12,42853.16796875,4783.83,2046.699951171875
2024-01-13,42842.3828125,4783.83,2046.699951171875
2024-01-14,41796.26953125,4783.83,2046.699951171875
2024-01-15,42511.96875,4783.83,2046.699951171875
2024-01-16,43154.9453125,4765.98,2026.0
2024-01-17,42742.65234375,4739.21,2002.5999755859373
2024-01-18,41262.05859375,4780.94,2018.5999755859373
2024-01-19,41618.40625,4839.81,2026.5
2024-01-20,41665.5859375,4839.81,2026.5
2024-01-21,41545.78515625,4839.81,2026.5
2024-01-22,39507.3671875,4850.43,2019.800048828125
2024-01-23,39845.55078125,4864.6,2023.699951171875
2024-01-24,40077.07421875,4868.55,2013.9000244140625
2024-01-25,39933.80859375,4894.16,2016.9000244140625
2024-01-26,41816.87109375,4890.97,2016.800048828125
2024-01-27,42120.0546875,4890.97,2016.800048828125
2024-01-28,42035.59375,4890.97,2016.800048828125
2024-01-29,43288.24609375,4927.93,2025.199951171875
2024-01-30,42952.609375,4924.97,2031.5
2024-01-31,42582.60546875,4845.65,2048.39990234375
2024-02-01,43075.7734375,4906.19,2053.0
2024-02-02,43185.859375,4958.61,2036.0999755859373
2024-02-03,42992.25,4958.61,2036.0999755859373
2024-02-04,42583.58203125,4958.61,2036.0999755859373
2024-02-05,42658.66796875,4942.81,2025.699951171875
2024-02-06,43084.671875,4954.23,2034.5
2024-02-07,44318.22265625,4995.06,2035.199951171875
2024-02-08,45301.56640625,4997.91,2032.199951171875
2024-02-09,47147.19921875,5026.61,2023.300048828125
2024-02-10,47771.27734375,5026.61,2023.300048828125
2024-02-11,48293.91796875,5026.61,2023.300048828125
2024-02-12,49958.22265625,5021.84,2018.199951171875
2024-02-13,49742.44140625,4953.17,1992.9000244140625
2024-02-14,51826.6953125,5000.62,1990.300048828125
2024-02-15,51938.5546875,5029.73,2002.0999755859373
2024-02-16,52160.203125,5005.57,2011.5
2024-02-17,51662.99609375,5005.57,2011.5
2024-02-18,52122.546875,5005.57,2011.5
2024-02-19,51779.14453125,5005.57,2011.5
2024-02-20,52284.875,4975.51,2027.5
2024-02-21,51839.1796875,4981.8,2022.300048828125
2024-02-22,51304.97265625,5087.03,2019.699951171875
2024-02-23,50731.94921875,5088.8,2038.5999755859373
2024-02-24,51571.1015625,5088.8,2038.5999755859373
2024-02-25,51733.23828125,5088.8,2038.5999755859373
2024-02-26,54522.40234375,5069.53,2028.5
2024-02-27,57085.37109375,5078.18,2034.0
2024-02-28,62504.7890625,5069.76,2033.0
2024-02-29,61198.3828125,5096.27,2045.699951171875
2024-03-01,62440.6328125,5137.08,2086.89990234375
2024-03-02,62029.84765625,5137.08,2086.89990234375
2024-03-03,63167.37109375,5137.08,2086.89990234375
2024-03-04,68330.4140625,5130.95,2117.699951171875
2024-03-05,63801.19921875,5078.65,2133.5
2024-03-06,66106.8046875,5104.76,2150.300048828125
2024-03-07,66925.484375,5157.36,2158.0
2024-03-08,68300.09375,5123.69,2178.60009765625
2024-03-09,68498.8828125,5123.69,2178.60009765625
2024-03-10,69019.7890625,5123.69,2178.60009765625
2024-03-11,72123.90625,5117.94,2182.5
2024-03-12,71481.2890625,5175.27,2160.39990234375
2024-03-13,73083.5,5165.31,2175.39990234375
2024-03-14,71396.59375,5150.48,2163.0
2024-03-15,69403.7734375,5117.09,2157.300048828125
2024-03-16,65315.1171875,5117.09,2157.300048828125
2024-03-17,68390.625,5117.09,2157.300048828125
2024-03-18,67548.59375,5149.42,2160.699951171875
2024-03-19,61912.7734375,5178.51,2156.300048828125
2024-03-20,67913.671875,5224.62,2157.89990234375
2024-03-21,65491.390625,5241.53,2182.39990234375
2024-03-22,63778.76171875,5234.18,2158.10009765625
2024-03-23,64062.203125,5234.18,2158.10009765625
2024-03-24,67234.171875,5234.18,2158.10009765625
2024-03-25,69958.8125,5218.19,2174.800048828125
2024-03-26,69987.8359375,5203.58,2175.60009765625
2024-03-27,69455.34375,5248.49,2190.60009765625
2024-03-28,70744.953125,5254.35,2217.39990234375
2024-03-29,69892.828125,5254.35,2217.39990234375
2024-03-30,69645.3046875,5254.35,2217.39990234375
2024-03-31,71333.6484375,5254.35,2217.39990234375
2024-04-01,69702.1484375,5243.77,2236.5
2024-04-02,65446.97265625,5205.81,2261.0
2024-04-03,65980.8125,5211.49,2294.39990234375
2024-04-04,68508.84375,5147.21,2288.800048828125
2024-04-05,67837.640625,5204.34,2325.699951171875
2024-04-06,68896.109375,5204.34,2325.699951171875
2024-04-07,69362.5546875,5204.34,2325.699951171875
2024-04-08,71631.359375,5202.39,2331.699951171875
2024-04-09,69139.015625,5209.91,2343.5
2024-04-10,70587.8828125,5160.64,2329.60009765625
2024-04-11,70060.609375,5199.06,2354.800048828125
2024-04-12,67195.8671875,5123.41,2356.199951171875
2024-04-13,63821.47265625,5123.41,2356.199951171875
2024-04-14,65738.7265625,5123.41,2356.199951171875
2024-04-15,63426.2109375,5061.82,2365.800048828125
2024-04-16,63811.86328125,5051.41,2390.800048828125
2024-04-17,61276.69140625,5022.21,2371.699951171875
2024-04-18,63512.75390625,5011.12,2382.300048828125
2024-04-19,63843.5703125,4967.23,2398.39990234375
2024-04-20,64994.44140625,4967.23,2398.39990234375
2024-04-21,64926.64453125,4967.23,2398.39990234375
2024-04-22,66837.6796875,5010.6,2332.199951171875
2024-04-23,66407.2734375,5070.55,2327.699951171875
2024-04-24,64276.8984375,5071.63,2324.5
2024-04-25,64481.70703125,5048.42,2329.800048828125
2024-04-26,63755.3203125,5099.96,2334.800048828125
2024-04-27,63419.140625,5099.96,2334.800048828125
2024-04-28,63113.23046875,5099.96,2334.800048828125
2024-04-29,63841.12109375,5116.17,2345.39990234375
2024-04-30,60636.85546875,5035.69,2291.39990234375
2024-05-01,58254.01171875,5018.39,2299.89990234375
2024-05-02,59123.43359375,5064.2,2299.199951171875
2024-05-03,62889.8359375,5127.79,2299.0
2024-05-04,63891.47265625,5127.79,2299.0
2024-05-05,64031.1328125,5127.79,2299.0
2024-05-06,63161.94921875,5180.74,2321.60009765625
2024-05-07,62334.81640625,5187.7,2315.199951171875
2024-05-08,61187.94140625,5187.67,2313.60009765625
2024-05-09,63049.9609375,5214.08,2332.10009765625
2024-05-10,60792.77734375,5222.68,2367.300048828125
2024-05-11,60793.7109375,5222.68,2367.300048828125
2024-05-12,61448.39453125,5222.68,2367.300048828125
2024-05-13,62901.44921875,5221.42,2336.10009765625
2024-05-14,61552.7890625,5246.68,2353.39990234375
2024-05-15,66267.4921875,5308.15,2388.699951171875
2024-05-16,65231.58203125,5297.1,2380.0
2024-05-17,67051.875,5303.27,2412.199951171875
2024-05-18,66940.8046875,5303.27,2412.199951171875
2024-05-19,66278.3671875,5303.27,2412.199951171875
2024-05-20,71448.1953125,5308.13,2433.89990234375
2024-05-21,70136.53125,5321.41,2421.699951171875
2024-05-22,69122.3359375,5307.01,2389.199951171875
2024-05-23,67929.5625,5267.84,2335.0
2024-05-24,68526.1015625,5304.72,2332.5
2024-05-25,69265.9453125,5304.72,2332.5
2024-05-26,68518.09375,5304.72,2332.5
2024-05-27,69394.5546875,5304.72,2332.5
2024-05-28,68296.21875,5306.04,2355.199951171875
2024-05-29,67578.09375,5266.95,2340.300048828125
2024-05-30,68364.9921875,5235.48,2342.89990234375
2024-05-31,67491.4140625,5277.51,2322.89990234375
2024-06-01,67706.9375,5277.51,2322.89990234375
2024-06-02,67751.6015625,5277.51,2322.89990234375
2024-06-03,68804.78125,5283.4,2346.60009765625
2024-06-04,70567.765625,5291.34,2325.5
2024-06-05,71082.8203125,5354.03,2354.10009765625
2024-06-06,70757.1640625,5352.96,2370.300048828125
2024-06-07,69342.5859375,5346.99,2305.199951171875
2024-06-08,69305.7734375,5346.99,2305.199951171875
2024-06-09,69647.9921875,5346.99,2305.199951171875
2024-06-10,69512.28125,5360.79,2307.699951171875
2024-06-11,67332.03125,5375.32,2307.5
2024-06-12,68241.1875,5421.03,2336.0
2024-06-13,66756.3984375,5433.74,2300.199951171875
2024-06-14,66011.09375,5431.6,2331.39990234375
2024-06-15,66191.0,5431.6,2331.39990234375
2024-06-16,66639.046875,5431.6,2331.39990234375
2024-06-17,66490.296875,5473.23,2312.39990234375
2024-06-18,65140.74609375,5487.03,2330.39990234375
2024-06-19,64960.296875,5487.03,2330.39990234375
2024-06-20,64828.65625,5473.17,2353.800048828125
2024-06-21,64096.19921875,5464.62,2316.39990234375
2024-06-22,64252.578125,5464.62,2316.39990234375
2024-06-23,63180.796875,5464.62,2316.39990234375
2024-06-24,60277.4140625,5447.87,2330.0
2024-06-25,61804.640625,5469.3,2316.60009765625
2024-06-26,60811.27734375,5477.9,2299.199951171875
2024-06-27,61604.80078125,5482.87,2324.5
2024-06-28,60320.13671875,5460.48,2327.699951171875
2024-06-29,60887.37890625,5460.48,2327.699951171875
2024-06-30,62678.29296875,5460.48,2327.699951171875
2024-07-01,62851.98046875,5475.09,2327.60009765625
2024-07-02,62029.015625,5509.01,2323.0
2024-07-03,60173.921875,5537.02,2359.800048828125
2024-07-04,56977.703125,5537.02,2359.800048828125
2024-07-05,56662.375,5567.19,2388.5
2024-07-06,58303.5390625,5567.19,2388.5
2024-07-07,55849.109375,5567.19,2388.5
2024-07-08,56705.09765625,5572.85,2355.199951171875
2024-07-09,58009.2265625,5576.98,2360.10009765625
2024-07-10,57742.49609375,5633.91,2372.199951171875
2024-07-11,57344.9140625,5584.54,2415.0
2024-07-12,57899.46484375,5615.35,2414.0
2024-07-13,59231.953125,5615.35,2414.0
2024-07-14,60787.79296875,5615.35,2414.0
2024-07-15,64870.15234375,5631.22,2422.89990234375
2024-07-16,65097.1484375,5667.2,2462.39990234375
2024-07-17,64118.79296875,5588.27,2454.800048828125
2024-07-18,63974.06640625,5544.59,2451.800048828125
2024-07-19,66710.15625,5505.0,2395.5
2024-07-20,67163.6484375,5505.0,2395.5
2024-07-21,68154.5234375,5505.0,2395.5
2024-07-22,67585.25,5564.41,2392.0
2024-07-23,65927.671875,5555.74,2404.60009765625
2024-07-24,65372.1328125,5427.13,2413.300048828125
2024-07-25,65777.2265625,5399.22,2351.89990234375
2024-07-26,67912.0625,5459.1,2380.0
2024-07-27,67813.3359375,5459.1,2380.0
2024-07-28,68255.8671875,5459.1,2380.0
2024-07-29,66819.9140625,5463.54,2377.300048828125
2024-07-30,66201.015625,5436.44,2405.0
2024-07-31,64619.25,5522.3,2426.5
2024-08-01,65357.5,5446.68,2435.0
2024-08-02,61415.06640625,5346.56,2425.699951171875
2024-08-03,60680.09375,5346.56,2425.699951171875
2024-08-04,58116.9765625,5346.56,2425.699951171875
2024-08-05,53991.45703125,5186.33,2401.699951171875
2024-08-06,56034.31640625,5240.03,2389.10009765625
2024-08-07,55027.4609375,5199.5,2390.5
2024-08-08,61710.13671875,5319.31,2422.199951171875
2024-08-09,60880.11328125,5344.16,2432.10009765625
2024-08-10,60945.8125,5344.16,2432.10009765625
2024-08-11,58719.484375,5344.16,2432.10009765625
2024-08-12,59354.515625,5344.39,2462.39990234375
2024-08-13,60609.56640625,5434.43,2466.699951171875
2024-08-14,58737.26953125,5455.21,2439.39990234375
2024-08-15,57560.09765625,5543.22,2453.10009765625
2024-08-16,58894.10546875,5554.25,2498.60009765625
2024-08-17,59478.97265625,5554.25,2498.60009765625
2024-08-18,58483.96484375,5554.25,2498.60009765625
2024-08-19,59493.453125,5608.25,2501.800048828125
2024-08-20,59012.79296875,5597.12,2511.300048828125
2024-08-21,61175.19140625,5620.85,2508.39990234375
2024-08-22,60381.9140625,5570.64,2478.89990234375
2024-08-23,64094.35546875,5634.61,2508.39990234375
2024-08-24,64178.9921875,5634.61,2508.39990234375
2024-08-25,64333.54296875,5634.61,2508.39990234375
2024-08-26,62880.66015625,5616.84,2517.699951171875
2024-08-27,59504.1328125,5625.8,2516.0
2024-08-28,59027.625,5592.18,2501.0
2024-08-29,59388.1796875,5591.96,2525.699951171875
2024-08-30,59119.4765625,5648.4,2493.800048828125
2024-08-31,58969.8984375,5648.4,2493.800048828125
2024-09-01,57325.48828125,5648.4,2493.800048828125
2024-09-02,59112.48046875,5648.4,2493.800048828125
2024-09-03,57431.0234375,5528.93,2489.89990234375
2024-09-04,57971.5390625,5520.07,2493.39990234375
2024-09-05,56160.48828125,5503.41,2511.39990234375
2024-09-06,53948.75390625,5408.42,2493.5
2024-09-07,54139.6875,5408.42,2493.5
2024-09-08,54841.56640625,5408.42,2493.5
2024-09-09,57019.53515625,5471.05,2501.800048828125
2024-09-10,57648.7109375,5495.52,2512.300048828125
2024-09-11,57343.171875,5554.13,2512.10009765625
2024-09-12,58127.01171875,5595.76,2551.199951171875
2024-09-13,60571.30078125,5626.02,2581.300048828125
2024-09-14,60005.12109375,5626.02,2581.300048828125
2024-09-15,59182.8359375,5626.02,2581.300048828125
2024-09-16,58192.5078125,5633.09,2580.39990234375
2024-09-17,60308.5390625,5634.58,2564.300048828125
2024-09-18,61649.6796875,5618.26,2570.699951171875
2024-09-19,62940.45703125,5713.64,2588.0
2024-09-20,63192.9765625,5702.55,2619.89990234375
2024-09-21,63394.83984375,5702.55,2619.89990234375
2024-09-22,63648.7109375,5702.55,2619.89990234375
2024-09-23,63329.80078125,5718.57,2626.5
2024-09-24,64301.96875,5732.93,2651.199951171875
2024-09-25,63143.14453125,5722.26,2659.199951171875
2024-09-26,65181.01953125,5745.37,2669.89990234375
2024-09-27,65790.6640625,5738.17,2644.300048828125
2024-09-28,65887.6484375,5738.17,2644.300048828125
2024-09-29,65635.3046875,5738.17,2644.300048828125
2024-09-30,63329.5,5762.48,2636.10009765625
2024-10-01,60837.0078125,5708.75,2667.300048828125
2024-10-02,60632.78515625,5709.54,2647.10009765625
2024-10-03,60759.40234375,5699.94,2657.10009765625
2024-10-04,62067.4765625,5751.07,2645.800048828125
2024-10-05,62089.94921875,5751.07,2645.800048828125
2024-10-06,62818.953125,5751.07,2645.800048828125
2024-10-07,62236.66015625,5695.94,2644.800048828125
2024-10-08,62131.96875,5751.13,2615.0
2024-10-09,60582.1015625,5792.04,2606.0
2024-10-10,60274.5,5780.05,2620.60009765625
2024-10-11,62445.08984375,5815.03,2657.60009765625
2024-10-12,63193.0234375,5815.03,2657.60009765625
2024-10-13,62851.375,5815.03,2657.60009765625
2024-10-14,66046.125,5859.85,2647.800048828125
2024-10-15,67041.109375,5815.26,2661.39990234375
2024-10-16,67612.71875,5842.47,2674.0
2024-10-17,67399.8359375,5841.47,2691.0
2024-10-18,68418.7890625,5864.67,2713.699951171875
2024-10-19,68362.734375,5864.67,2713.699951171875
2024-10-20,69001.703125,5864.67,2713.699951171875
2024-10-21,67367.8515625,5853.98,2723.10009765625
2024-10-22,67361.40625,5851.2,2744.199951171875
2024-10-23,66432.1953125,5797.42,2714.39990234375
2024-10-24,68161.0546875,5809.86,2734.89990234375
2024-10-25,66642.4140625,5808.12,2740.89990234375
2024-10-26,67014.6953125,5808.12,2740.89990234375
2024-10-27,67929.296875,5808.12,2740.89990234375
2024-10-28,69907.7578125,5823.52,2742.89990234375
2024-10-29,72720.4921875,5832.92,2768.39990234375
2024-10-30,72339.5390625,5813.67,2788.5
2024-10-31,70215.1875,5705.45,2738.300048828125
2024-11-01,69482.46875,5728.8,2738.60009765625
2024-11-02,69289.2734375,5728.8,2738.60009765625
2024-11-03,68741.1171875,5728.8,2738.60009765625
2024-11-04,67811.5078125,5712.69,2736.10009765625
2024-11-05,69359.5625,5782.76,2740.300048828125
2024-11-06,75639.078125,5929.04,2667.60009765625
2024-11-07,75904.859375,5973.1,2698.39990234375
2024-11-08,76545.4765625,5995.54,2687.5
2024-11-09,76778.8671875,5995.54,2687.5
2024-11-10,80474.1875,5995.54,2687.5
2024-11-11,88701.484375,6001.35,2611.199951171875
2024-11-12,87955.8125,5983.99,2600.0
2024-11-13,90584.1640625,5985.38,2580.800048828125
2024-11-14,87250.4296875,5949.17,2568.199951171875
2024-11-15,91066.0078125,5870.62,2565.699951171875
2024-11-16,90558.4765625,5870.62,2565.699951171875
2024-11-17,89845.8515625,5870.62,2565.699951171875
2024-11-18,90542.640625,5893.62,2610.60009765625
2024-11-19,92343.7890625,5916.98,2627.10009765625
2024-11-20,94339.4921875,5917.11,2648.199951171875
2024-11-21,98504.7265625,5948.71,2672.10009765625
2024-11-22,98997.6640625,5969.34,2709.89990234375
2024-11-23,97777.28125,5969.34,2709.89990234375
2024-11-24,98013.8203125,5969.34,2709.89990234375
2024-11-25,93102.296875,5987.37,2616.800048828125
2024-11-26,91985.3203125,6021.63,2620.300048828125
2024-11-27,95962.53125,5998.74,2639.89990234375
2024-11-28,95652.46875,5998.74,2639.89990234375
2024-11-29,97461.5234375,6032.38,2657.0
2024-11-30,96449.0546875,6032.38,2657.0
2024-12-01,97279.7890625,6032.38,2657.0
2024-12-02,95865.3046875,6047.15,2634.89990234375
2024-12-03,96002.1640625,6049.88,2644.699951171875
2024-12-04,98768.53125,6086.49,2653.800048828125
2024-12-05,96593.5703125,6075.11,2626.60009765625
2024-12-06,99920.7109375,6090.27,2638.60009765625
2024-12-07,99923.3359375,6090.27,2638.60009765625
2024-12-08,101236.015625,6090.27,2638.60009765625
2024-12-09,97432.71875,6052.85,2664.89990234375
2024-12-10,96675.4296875,6034.91,2697.60009765625
2024-12-11,101173.03125,6084.19,2733.800048828125
2024-12-12,100043.0,6051.25,2687.5
2024-12-13,101459.2578125,6051.09,2656.0
2024-12-14,101372.96875,6051.09,2656.0
2024-12-15,104298.6953125,6051.09,2656.0
2024-12-16,106029.71875,6074.08,2651.39990234375
2024-12-17,106140.6015625,6050.61,2644.39990234375
2024-12-18,100041.5390625,5872.16,2636.5
2024-12-19,97490.953125,5867.08,2592.199951171875
2024-12-20,97755.9296875,5930.85,2628.699951171875
2024-12-21,97224.7265625,5930.85,2628.699951171875
2024-12-22,95104.9375,5930.85,2628.699951171875
2024-12-23,94686.2421875,5974.07,2612.300048828125
2024-12-24,98676.09375,6040.04,2620.0
2024-12-25,99299.1953125,6040.04,2620.0
2024-12-26,95795.515625,6037.59,2638.800048828125
2024-12-27,94164.859375,5970.84,2617.199951171875
2024-12-28,95163.9296875,5970.84,2617.199951171875
2024-12-29,93530.2265625,5970.84,2617.199951171875
2024-12-30,92643.2109375,5906.94,2606.10009765625
2024-12-31,93429.203125,5881.63,2629.199951171875
2025-01-01,94419.7578125,5881.63,2629.199951171875
2025-01-02,96886.875,5868.55,2658.89990234375
2025-01-03,98107.4296875,5942.47,2645.0
2025-01-04,98236.2265625,5942.47,2645.0
2025-01-05,98314.9609375,5942.47,2645.0
2025-01-06,102078.0859375,5975.38,2638.39990234375
2025-01-07,96922.703125,5909.03,2656.699951171875
2025-01-08,95043.5234375,5918.25,2664.5
2025-01-09,92484.0390625,5918.25,2683.800048828125
2025-01-10,94701.453125,5827.04,2708.5
2025-01-11,94566.59375,5827.04,2708.5
2025-01-12,94488.4375,5827.04,2708.5
2025-01-13,94516.5234375,5836.22,2673.5
2025-01-14,96534.046875,5842.91,2677.5
2025-01-15,100504.4921875,5949.91,2712.5
2025-01-16,99756.90625,5937.34,2746.39990234375
2025-01-17,104462.0390625,5996.66,2744.300048828125
2025-01-18,104408.0703125,5996.66,2744.300048828125
2025-01-19,101089.609375,5996.66,2744.300048828125
2025-01-20,102016.6640625,5996.66,2744.300048828125
2025-01-21,106146.265625,6049.24,2755.0
2025-01-22,103653.0703125,6086.37,2767.60009765625
2025-01-23,103960.171875,6118.71,2763.10009765625
2025-01-24,104819.484375,6101.24,2777.300048828125
2025-01-25,104714.6484375,6101.24,2777.300048828125
2025-01-26,102682.5,6101.24,2777.300048828125
2025-01-27,102087.6875,6012.28,2737.5
2025-01-28,101332.4765625,6067.7,2766.800048828125
2025-01-29,103703.2109375,6039.31,2769.10009765625
2025-01-30,104735.3046875,6071.17,2823.0
2025-01-31,102405.0234375,6040.53,2812.5
2025-02-01,100655.90625,6040.53,2812.5
2025-02-02,97688.9765625,6040.53,2812.5
2025-02-03,101405.421875,5994.57,2833.89990234375
2025-02-04,97871.8203125,6037.88,2853.300048828125
2025-02-05,96615.4453125,6061.48,2871.60009765625
2025-02-06,96593.296875,6083.57,2856.0
2025-02-07,96529.0859375,6025.99,2867.300048828125
2025-02-08,96482.453125,6025.99,2867.300048828125
2025-02-09,96500.09375,6025.99,2867.300048828125
2025-02-10,97437.5546875,6066.44,2914.300048828125
2025-02-11,95747.4296875,6068.5,2912.5
2025-02-12,97885.859375,6051.97,2909.0
2025-02-13,96623.8671875,6115.07,2925.89990234375
2025-02-14,97508.96875,6114.63,2883.60009765625
2025-02-15,97580.3515625,6114.63,2883.60009765625
2025-02-16,96175.03125,6114.63,2883.60009765625
2025-02-17,95773.3828125,6114.63,2883.60009765625
2025-02-18,95539.546875,6129.58,2931.60009765625
2025-02-19,96635.609375,6144.15,2919.39990234375
2025-02-20,98333.9375,6117.52,2940.0
2025-02-21,96125.546875,6013.13,2937.60009765625
2025-02-22,96577.7578125,6013.13,2937.60009765625
2025-02-23,96273.921875,6013.13,2937.60009765625
2025-02-24,91418.171875,5983.25,2947.89990234375
2025-02-25,88736.171875,5955.25,2904.5
2025-02-26,84347.0234375,5956.06,2916.800048828125
2025-02-27,84704.2265625,5861.57,2883.199951171875
2025-02-28,84373.0078125,5954.5,2836.800048828125
2025-03-01,86031.9140625,5954.5,2836.800048828125
2025-03-02,94248.3515625,5954.5,2836.800048828125
2025-03-03,86065.671875,5849.72,2890.199951171875
2025-03-04,87222.1953125,5778.15,2909.60009765625
2025-03-05,90623.5625,5842.63,2915.300048828125
2025-03-06,89961.7265625,5738.52,2916.60009765625
2025-03-07,86742.671875,5770.2,2904.699951171875
2025-03-08,86154.59375,5770.2,2904.699951171875
2025-03-09,80601.0390625,5770.2,2904.699951171875
2025-03-10,78532.0,5614.56,2891.0
2025-03-11,82862.2109375,5572.07,2912.89990234375
2025-03-12,83722.359375,5599.3,2939.10009765625
2025-03-13,81066.703125,5521.52,2984.300048828125
2025-03-14,83969.1015625,5638.94,2994.5
2025-03-15,84343.109375,5638.94,2994.5
2025-03-16,82579.6875,5638.94,2994.5
2025-03-17,84075.6875,5675.12,3000.0
2025-03-18,82718.5,5614.66,3035.10009765625
2025-03-19,86854.2265625,5675.29,3035.89990234375
2025-03-20,84167.1953125,5662.89,3040.0
2025-03-21,84043.2421875,5667.56,3018.199951171875
2025-03-22,83832.484375,5667.56,3018.199951171875
2025-03-23,86054.375,5667.56,3018.199951171875
2025-03-24,87498.9140625,5767.57,3013.10009765625
2025-03-25,87471.703125,5776.65,3023.699951171875
2025-03-26,86900.8828125,5712.2,3020.89990234375
2025-03-27,87177.1015625,5693.31,3060.199951171875
2025-03-28,84353.1484375,5580.94,3086.5
2025-03-29,82597.5859375,5580.94,3086.5
2025-03-30,82334.5234375,5580.94,3086.5
2025-03-31,82548.9140625,5611.85,3122.800048828125
2025-04-01,85169.171875,5633.07,3118.89990234375
